run_dir,run_name,status,model_name,model_type,backend,text_source,captions_source,dtype,Ks,languages_filter,max_queries,one_per_image_per_lang,query_batch,overall.R@1,overall.R@5,overall.R@10,overall.R@25,overall.R@50,n_queries,language,R.R@1,R.R@5,R.R@10,R.R@25,R.R@50,timestamp
/mnt/data/shared/npa-multilingual/outputs/baselines/clip_nmt,clip_nmt,ok,hf-hub:laion/CLIP-ViT-bigG-14-laion2B-39B-b160k,clip_dense_retrieval_baseline,,translation_nmt,,float32,"1,5,10,25,50",,,False,2048,0.6395408895265423,0.8537694882831182,0.9064371114299379,0.9523098995695839,0.9729928263988522,261375,ar,0.6125967150807656,0.8438984661327542,0.9081037057146736,0.9626713723360933,0.9819465182570924,2026-03-12 02:44:07
/mnt/data/shared/npa-multilingual/outputs/baselines/clip_nmt,clip_nmt,ok,hf-hub:laion/CLIP-ViT-bigG-14-laion2B-39B-b160k,clip_dense_retrieval_baseline,,translation_nmt,,float32,"1,5,10,25,50",,,False,2048,0.6395408895265423,0.8537694882831182,0.9064371114299379,0.9523098995695839,0.9729928263988522,261375,bn,0.5280555555555555,0.7755555555555556,0.8508333333333333,0.9230555555555555,0.9608333333333333,2026-03-12 02:44:07
/mnt/data/shared/npa-multilingual/outputs/baselines/clip_nmt,clip_nmt,ok,hf-hub:laion/CLIP-ViT-bigG-14-laion2B-39B-b160k,clip_dense_retrieval_baseline,,translation_nmt,,float32,"1,5,10,25,50",,,False,2048,0.6395408895265423,0.8537694882831182,0.9064371114299379,0.9523098995695839,0.9729928263988522,261375,cs,0.5887331760788123,0.8333564589981962,0.8967670320521715,0.9506035798529208,0.9751630359372832,2026-03-12 02:44:07
/mnt/data/shared/npa-multilingual/outputs/baselines/clip_nmt,clip_nmt,ok,hf-hub:laion/CLIP-ViT-bigG-14-laion2B-39B-b160k,clip_dense_retrieval_baseline,,translation_nmt,,float32,"1,5,10,25,50",,,False,2048,0.6395408895265423,0.8537694882831182,0.9064371114299379,0.9523098995695839,0.9729928263988522,261375,da,0.7135187224669604,0.9080396475770925,0.9485132158590308,0.9804515418502202,0.9913270925110133,2026-03-12 02:44:07
/mnt/data/shared/npa-multilingual/outputs/baselines/clip_nmt,clip_nmt,ok,hf-hub:laion/CLIP-ViT-bigG-14-laion2B-39B-b160k,clip_dense_retrieval_baseline,,translation_nmt,,float32,"1,5,10,25,50",,,False,2048,0.6395408895265423,0.8537694882831182,0.9064371114299379,0.9523098995695839,0.9729928263988522,261375,de,0.7558718037718385,0.9321994677773922,0.9648270276524354,0.9877357399051255,0.9952562767557561,2026-03-12 02:44:07
/mnt/data/shared/npa-multilingual/outputs/baselines/clip_nmt,clip_nmt,ok,hf-hub:laion/CLIP-ViT-bigG-14-laion2B-39B-b160k,clip_dense_retrieval_baseline,,translation_nmt,,float32,"1,5,10,25,50",,,False,2048,0.6395408895265423,0.8537694882831182,0.9064371114299379,0.9523098995695839,0.9729928263988522,261375,el,0.6356191004997224,0.8595224875069406,0.9119933370349805,0.962659633536924,0.9813992226540811,2026-03-12 02:44:07
/mnt/data/shared/npa-multilingual/outputs/baselines/clip_nmt,clip_nmt,ok,hf-hub:laion/CLIP-ViT-bigG-14-laion2B-39B-b160k,clip_dense_retrieval_baseline,,translation_nmt,,float32,"1,5,10,25,50",,,False,2048,0.6395408895265423,0.8537694882831182,0.9064371114299379,0.9523098995695839,0.9729928263988522,261375,en,0.5540277777777778,0.7994444444444444,0.8659722222222223,0.9345833333333333,0.9652777777777778,2026-03-12 02:44:07
/mnt/data/shared/npa-multilingual/outputs/baselines/clip_nmt,clip_nmt,ok,hf-hub:laion/CLIP-ViT-bigG-14-laion2B-39B-b160k,clip_dense_retrieval_baseline,,translation_nmt,,float32,"1,5,10,25,50",,,False,2048,0.6395408895265423,0.8537694882831182,0.9064371114299379,0.9523098995695839,0.9729928263988522,261375,es,0.635244950081263,0.8695147434409102,0.924425354074762,0.9683074065474808,0.9874622707220804,2026-03-12 02:44:07
/mnt/data/shared/npa-multilingual/outputs/baselines/clip_nmt,clip_nmt,ok,hf-hub:laion/CLIP-ViT-bigG-14-laion2B-39B-b160k,clip_dense_retrieval_baseline,,translation_nmt,,float32,"1,5,10,25,50",,,False,2048,0.6395408895265423,0.8537694882831182,0.9064371114299379,0.9523098995695839,0.9729928263988522,261375,fa,0.6608695652173913,0.8734299516908213,0.9272601794340924,0.9685300207039338,0.9861973775017253,2026-03-12 02:44:07
/mnt/data/shared/npa-multilingual/outputs/baselines/clip_nmt,clip_nmt,ok,hf-hub:laion/CLIP-ViT-bigG-14-laion2B-39B-b160k,clip_dense_retrieval_baseline,,translation_nmt,,float32,"1,5,10,25,50",,,False,2048,0.6395408895265423,0.8537694882831182,0.9064371114299379,0.9523098995695839,0.9729928263988522,261375,fi,0.7276553949768486,0.9212852532622422,0.9560825031570086,0.9816191946120387,0.9914409990178196,2026-03-12 02:44:07
/mnt/data/shared/npa-multilingual/outputs/baselines/clip_nmt,clip_nmt,ok,hf-hub:laion/CLIP-ViT-bigG-14-laion2B-39B-b160k,clip_dense_retrieval_baseline,,translation_nmt,,float32,"1,5,10,25,50",,,False,2048,0.6395408895265423,0.8537694882831182,0.9064371114299379,0.9523098995695839,0.9729928263988522,261375,fil,0.5387536925024616,0.787733858489239,0.8604585736390491,0.9316359544239696,0.9634266422844282,2026-03-12 02:44:07
/mnt/data/shared/npa-multilingual/outputs/baselines/clip_nmt,clip_nmt,ok,hf-hub:laion/CLIP-ViT-bigG-14-laion2B-39B-b160k,clip_dense_retrieval_baseline,,translation_nmt,,float32,"1,5,10,25,50",,,False,2048,0.6395408895265423,0.8537694882831182,0.9064371114299379,0.9523098995695839,0.9729928263988522,261375,fr,0.7222611539359962,0.9217472553141789,0.9634431207661761,0.9862181733239898,0.9949778089231488,2026-03-12 02:44:07
/mnt/data/shared/npa-multilingual/outputs/baselines/clip_nmt,clip_nmt,ok,hf-hub:laion/CLIP-ViT-bigG-14-laion2B-39B-b160k,clip_dense_retrieval_baseline,,translation_nmt,,float32,"1,5,10,25,50",,,False,2048,0.6395408895265423,0.8537694882831182,0.9064371114299379,0.9523098995695839,0.9729928263988522,261375,he,0.7126388888888889,0.8991666666666667,0.9447222222222222,0.9751388888888889,0.9879166666666667,2026-03-12 02:44:07
/mnt/data/shared/npa-multilingual/outputs/baselines/clip_nmt,clip_nmt,ok,hf-hub:laion/CLIP-ViT-bigG-14-laion2B-39B-b160k,clip_dense_retrieval_baseline,,translation_nmt,,float32,"1,5,10,25,50",,,False,2048,0.6395408895265423,0.8537694882831182,0.9064371114299379,0.9523098995695839,0.9729928263988522,261375,hi,0.4002116899917676,0.6521227801952252,0.7450311654710102,0.8553451722921321,0.9107373868046572,2026-03-12 02:44:07
/mnt/data/shared/npa-multilingual/outputs/baselines/clip_nmt,clip_nmt,ok,hf-hub:laion/CLIP-ViT-bigG-14-laion2B-39B-b160k,clip_dense_retrieval_baseline,,translation_nmt,,float32,"1,5,10,25,50",,,False,2048,0.6395408895265423,0.8537694882831182,0.9064371114299379,0.9523098995695839,0.9729928263988522,261375,hr,0.6928571428571428,0.8987637362637363,0.9369505494505495,0.9732142857142857,0.9857142857142858,2026-03-12 02:44:07
/mnt/data/shared/npa-multilingual/outputs/baselines/clip_nmt,clip_nmt,ok,hf-hub:laion/CLIP-ViT-bigG-14-laion2B-39B-b160k,clip_dense_retrieval_baseline,,translation_nmt,,float32,"1,5,10,25,50",,,False,2048,0.6395408895265423,0.8537694882831182,0.9064371114299379,0.9523098995695839,0.9729928263988522,261375,hu,0.7342017738359202,0.918930155210643,0.9557926829268293,0.9840631929046563,0.9916851441241685,2026-03-12 02:44:07
/mnt/data/shared/npa-multilingual/outputs/baselines/clip_nmt,clip_nmt,ok,hf-hub:laion/CLIP-ViT-bigG-14-laion2B-39B-b160k,clip_dense_retrieval_baseline,,translation_nmt,,float32,"1,5,10,25,50",,,False,2048,0.6395408895265423,0.8537694882831182,0.9064371114299379,0.9523098995695839,0.9729928263988522,261375,id,0.729301150715689,0.9219758630367668,0.9597249508840865,0.9865282065674993,0.9950884086444007,2026-03-12 02:44:07
/mnt/data/shared/npa-multilingual/outputs/baselines/clip_nmt,clip_nmt,ok,hf-hub:laion/CLIP-ViT-bigG-14-laion2B-39B-b160k,clip_dense_retrieval_baseline,,translation_nmt,,float32,"1,5,10,25,50",,,False,2048,0.6395408895265423,0.8537694882831182,0.9064371114299379,0.9523098995695839,0.9729928263988522,261375,it,0.7205760831070712,0.918191476803211,0.9573840160547751,0.986306221225357,0.9945697084169519,2026-03-12 02:44:07
/mnt/data/shared/npa-multilingual/outputs/baselines/clip_nmt,clip_nmt,ok,hf-hub:laion/CLIP-ViT-bigG-14-laion2B-39B-b160k,clip_dense_retrieval_baseline,,translation_nmt,,float32,"1,5,10,25,50",,,False,2048,0.6395408895265423,0.8537694882831182,0.9064371114299379,0.9523098995695839,0.9729928263988522,261375,ja,0.7295755045233124,0.9206680584551148,0.9578288100208768,0.9838552540013918,0.9941544885177453,2026-03-12 02:44:07
/mnt/data/shared/npa-multilingual/outputs/baselines/clip_nmt,clip_nmt,ok,hf-hub:laion/CLIP-ViT-bigG-14-laion2B-39B-b160k,clip_dense_retrieval_baseline,,translation_nmt,,float32,"1,5,10,25,50",,,False,2048,0.6395408895265423,0.8537694882831182,0.9064371114299379,0.9523098995695839,0.9729928263988522,261375,ko,0.6816993464052288,0.886797385620915,0.9350326797385621,0.9745098039215686,0.9882352941176471,2026-03-12 02:44:07
/mnt/data/shared/npa-multilingual/outputs/baselines/clip_nmt,clip_nmt,ok,hf-hub:laion/CLIP-ViT-bigG-14-laion2B-39B-b160k,clip_dense_retrieval_baseline,,translation_nmt,,float32,"1,5,10,25,50",,,False,2048,0.6395408895265423,0.8537694882831182,0.9064371114299379,0.9523098995695839,0.9729928263988522,261375,mi,0.3596787827557058,0.6014370245139475,0.6893491124260355,0.7933220625528318,0.8592561284868977,2026-03-12 02:44:07
/mnt/data/shared/npa-multilingual/outputs/baselines/clip_nmt,clip_nmt,ok,hf-hub:laion/CLIP-ViT-bigG-14-laion2B-39B-b160k,clip_dense_retrieval_baseline,,translation_nmt,,float32,"1,5,10,25,50",,,False,2048,0.6395408895265423,0.8537694882831182,0.9064371114299379,0.9523098995695839,0.9729928263988522,261375,nl,0.6221615585060181,0.8549447822310461,0.9157463705174339,0.9609132646730364,0.9817595235140837,2026-03-12 02:44:07
/mnt/data/shared/npa-multilingual/outputs/baselines/clip_nmt,clip_nmt,ok,hf-hub:laion/CLIP-ViT-bigG-14-laion2B-39B-b160k,clip_dense_retrieval_baseline,,translation_nmt,,float32,"1,5,10,25,50",,,False,2048,0.6395408895265423,0.8537694882831182,0.9064371114299379,0.9523098995695839,0.9729928263988522,261375,no,0.6948565090808263,0.9026757243865243,0.9484264522390129,0.9789269374740053,0.9894634687370026,2026-03-12 02:44:07
/mnt/data/shared/npa-multilingual/outputs/baselines/clip_nmt,clip_nmt,ok,hf-hub:laion/CLIP-ViT-bigG-14-laion2B-39B-b160k,clip_dense_retrieval_baseline,,translation_nmt,,float32,"1,5,10,25,50",,,False,2048,0.6395408895265423,0.8537694882831182,0.9064371114299379,0.9523098995695839,0.9729928263988522,261375,pl,0.7122251785464221,0.9060355692480044,0.9452457638986136,0.9767539560285674,0.9894972692900154,2026-03-12 02:44:07
/mnt/data/shared/npa-multilingual/outputs/baselines/clip_nmt,clip_nmt,ok,hf-hub:laion/CLIP-ViT-bigG-14-laion2B-39B-b160k,clip_dense_retrieval_baseline,,translation_nmt,,float32,"1,5,10,25,50",,,False,2048,0.6395408895265423,0.8537694882831182,0.9064371114299379,0.9523098995695839,0.9729928263988522,261375,pt,0.6755488057434764,0.884716277785448,0.9363523401905288,0.9725251967416816,0.985917437525887,2026-03-12 02:44:07
/mnt/data/shared/npa-multilingual/outputs/baselines/clip_nmt,clip_nmt,ok,hf-hub:laion/CLIP-ViT-bigG-14-laion2B-39B-b160k,clip_dense_retrieval_baseline,,translation_nmt,,float32,"1,5,10,25,50",,,False,2048,0.6395408895265423,0.8537694882831182,0.9064371114299379,0.9523098995695839,0.9729928263988522,261375,quz,0.25763888888888886,0.4725,0.5619444444444445,0.6725,0.7527777777777778,2026-03-12 02:44:07
/mnt/data/shared/npa-multilingual/outputs/baselines/clip_nmt,clip_nmt,ok,hf-hub:laion/CLIP-ViT-bigG-14-laion2B-39B-b160k,clip_dense_retrieval_baseline,,translation_nmt,,float32,"1,5,10,25,50",,,False,2048,0.6395408895265423,0.8537694882831182,0.9064371114299379,0.9523098995695839,0.9729928263988522,261375,ro,0.7411203144742384,0.9286817352239225,0.9630773550470307,0.9846974589358416,0.9946651691702935,2026-03-12 02:44:07
/mnt/data/shared/npa-multilingual/outputs/baselines/clip_nmt,clip_nmt,ok,hf-hub:laion/CLIP-ViT-bigG-14-laion2B-39B-b160k,clip_dense_retrieval_baseline,,translation_nmt,,float32,"1,5,10,25,50",,,False,2048,0.6395408895265423,0.8537694882831182,0.9064371114299379,0.9523098995695839,0.9729928263988522,261375,ru,0.7451388888888889,0.9325,0.965,0.9881944444444445,0.9955555555555555,2026-03-12 02:44:07
/mnt/data/shared/npa-multilingual/outputs/baselines/clip_nmt,clip_nmt,ok,hf-hub:laion/CLIP-ViT-bigG-14-laion2B-39B-b160k,clip_dense_retrieval_baseline,,translation_nmt,,float32,"1,5,10,25,50",,,False,2048,0.6395408895265423,0.8537694882831182,0.9064371114299379,0.9523098995695839,0.9729928263988522,261375,sv,0.6799120032998762,0.8872542279664513,0.9313900728722673,0.9701636188642926,0.9857005362298914,2026-03-12 02:44:07
/mnt/data/shared/npa-multilingual/outputs/baselines/clip_nmt,clip_nmt,ok,hf-hub:laion/CLIP-ViT-bigG-14-laion2B-39B-b160k,clip_dense_retrieval_baseline,,translation_nmt,,float32,"1,5,10,25,50",,,False,2048,0.6395408895265423,0.8537694882831182,0.9064371114299379,0.9523098995695839,0.9729928263988522,261375,sw,0.4804144195288107,0.731762702242407,0.8146466080045416,0.8959693443088277,0.9395401646324155,2026-03-12 02:44:07
/mnt/data/shared/npa-multilingual/outputs/baselines/clip_nmt,clip_nmt,ok,hf-hub:laion/CLIP-ViT-bigG-14-laion2B-39B-b160k,clip_dense_retrieval_baseline,,translation_nmt,,float32,"1,5,10,25,50",,,False,2048,0.6395408895265423,0.8537694882831182,0.9064371114299379,0.9523098995695839,0.9729928263988522,261375,te,0.4454166666666667,0.7118055555555556,0.7991666666666667,0.8901388888888889,0.9384722222222223,2026-03-12 02:44:07
/mnt/data/shared/npa-multilingual/outputs/baselines/clip_nmt,clip_nmt,ok,hf-hub:laion/CLIP-ViT-bigG-14-laion2B-39B-b160k,clip_dense_retrieval_baseline,,translation_nmt,,float32,"1,5,10,25,50",,,False,2048,0.6395408895265423,0.8537694882831182,0.9064371114299379,0.9523098995695839,0.9729928263988522,261375,th,0.6595833333333333,0.8884722222222222,0.9386111111111111,0.97625,0.9904166666666666,2026-03-12 02:44:07
/mnt/data/shared/npa-multilingual/outputs/baselines/clip_nmt,clip_nmt,ok,hf-hub:laion/CLIP-ViT-bigG-14-laion2B-39B-b160k,clip_dense_retrieval_baseline,,translation_nmt,,float32,"1,5,10,25,50",,,False,2048,0.6395408895265423,0.8537694882831182,0.9064371114299379,0.9523098995695839,0.9729928263988522,261375,tr,0.6384626019632241,0.8676897552882621,0.9207797594359187,0.9654361952163694,0.9853449467717407,2026-03-12 02:44:07
/mnt/data/shared/npa-multilingual/outputs/baselines/clip_nmt,clip_nmt,ok,hf-hub:laion/CLIP-ViT-bigG-14-laion2B-39B-b160k,clip_dense_retrieval_baseline,,translation_nmt,,float32,"1,5,10,25,50",,,False,2048,0.6395408895265423,0.8537694882831182,0.9064371114299379,0.9523098995695839,0.9729928263988522,261375,uk,0.7147609147609147,0.911988911988912,0.9514899514899515,0.9796257796257797,0.9894663894663894,2026-03-12 02:44:07
/mnt/data/shared/npa-multilingual/outputs/baselines/clip_nmt,clip_nmt,ok,hf-hub:laion/CLIP-ViT-bigG-14-laion2B-39B-b160k,clip_dense_retrieval_baseline,,translation_nmt,,float32,"1,5,10,25,50",,,False,2048,0.6395408895265423,0.8537694882831182,0.9064371114299379,0.9523098995695839,0.9729928263988522,261375,vi,0.6908843537414966,0.8978231292517007,0.9427210884353742,0.9774149659863945,0.9903401360544217,2026-03-12 02:44:07
/mnt/data/shared/npa-multilingual/outputs/baselines/clip_nmt,clip_nmt,ok,hf-hub:laion/CLIP-ViT-bigG-14-laion2B-39B-b160k,clip_dense_retrieval_baseline,,translation_nmt,,float32,"1,5,10,25,50",,,False,2048,0.6395408895265423,0.8537694882831182,0.9064371114299379,0.9523098995695839,0.9729928263988522,261375,zh,0.6662949540005576,0.875383328686925,0.9229160858656259,0.9645943685531084,0.9843880680234179,2026-03-12 02:44:07
/mnt/data/shared/npa-multilingual/outputs/baselines/clip_tllm,clip_tllm,ok,hf-hub:laion/CLIP-ViT-bigG-14-laion2B-39B-b160k,clip_dense_retrieval_baseline,,translation_tllm,,float32,"1,5,10,25,50",,,False,2048,0.6577775283331262,0.8708241963093772,0.9212244881596197,0.9638474521233308,0.9815629221906408,249443,ar,0.605402470476449,0.8481064205239582,0.9083751866431383,0.9626713723360933,0.9816750373286277,2026-03-12 02:44:26
/mnt/data/shared/npa-multilingual/outputs/baselines/clip_tllm,clip_tllm,ok,hf-hub:laion/CLIP-ViT-bigG-14-laion2B-39B-b160k,clip_dense_retrieval_baseline,,translation_tllm,,float32,"1,5,10,25,50",,,False,2048,0.6577775283331262,0.8708241963093772,0.9212244881596197,0.9638474521233308,0.9815629221906408,249443,bn,0.5355555555555556,0.7852777777777777,0.8613888888888889,0.9316666666666666,0.9658333333333333,2026-03-12 02:44:26
/mnt/data/shared/npa-multilingual/outputs/baselines/clip_tllm,clip_tllm,ok,hf-hub:laion/CLIP-ViT-bigG-14-laion2B-39B-b160k,clip_dense_retrieval_baseline,,translation_tllm,,float32,"1,5,10,25,50",,,False,2048,0.6577775283331262,0.8708241963093772,0.9212244881596197,0.9638474521233308,0.9815629221906408,249443,cs,0.5976134313861523,0.8393228805328153,0.9010684057166644,0.9510198418204523,0.9759955598723463,2026-03-12 02:44:26
/mnt/data/shared/npa-multilingual/outputs/baselines/clip_tllm,clip_tllm,ok,hf-hub:laion/CLIP-ViT-bigG-14-laion2B-39B-b160k,clip_dense_retrieval_baseline,,translation_tllm,,float32,"1,5,10,25,50",,,False,2048,0.6577775283331262,0.8708241963093772,0.9212244881596197,0.9638474521233308,0.9815629221906408,249443,da,0.7110407488986784,0.9095539647577092,0.9492015418502202,0.9807268722466961,0.9905011013215859,2026-03-12 02:44:26
/mnt/data/shared/npa-multilingual/outputs/baselines/clip_tllm,clip_tllm,ok,hf-hub:laion/CLIP-ViT-bigG-14-laion2B-39B-b160k,clip_dense_retrieval_baseline,,translation_tllm,,float32,"1,5,10,25,50",,,False,2048,0.6577775283331262,0.8708241963093772,0.9212244881596197,0.9638474521233308,0.9815629221906408,249443,de,0.7552933009371746,0.9331250723128544,0.9655212310540322,0.9886613444405877,0.9949091750549578,2026-03-12 02:44:26
/mnt/data/shared/npa-multilingual/outputs/baselines/clip_tllm,clip_tllm,ok,hf-hub:laion/CLIP-ViT-bigG-14-laion2B-39B-b160k,clip_dense_retrieval_baseline,,translation_tllm,,float32,"1,5,10,25,50",,,False,2048,0.6577775283331262,0.8708241963093772,0.9212244881596197,0.9638474521233308,0.9815629221906408,249443,el,0.6397834536368684,0.8593836757357024,0.9140755136035535,0.963353692393115,0.9816768461965575,2026-03-12 02:44:26
/mnt/data/shared/npa-multilingual/outputs/baselines/clip_tllm,clip_tllm,ok,hf-hub:laion/CLIP-ViT-bigG-14-laion2B-39B-b160k,clip_dense_retrieval_baseline,,translation_tllm,,float32,"1,5,10,25,50",,,False,2048,0.6577775283331262,0.8708241963093772,0.9212244881596197,0.9638474521233308,0.9815629221906408,249443,en,0.5540277777777778,0.7994444444444444,0.8659722222222223,0.9345833333333333,0.9652777777777778,2026-03-12 02:44:26
/mnt/data/shared/npa-multilingual/outputs/baselines/clip_tllm,clip_tllm,ok,hf-hub:laion/CLIP-ViT-bigG-14-laion2B-39B-b160k,clip_dense_retrieval_baseline,,translation_tllm,,float32,"1,5,10,25,50",,,False,2048,0.6577775283331262,0.8708241963093772,0.9212244881596197,0.9638474521233308,0.9815629221906408,249443,es,0.639424193173903,0.8685860227536568,0.924773624332482,0.9681913164615742,0.9871140004643604,2026-03-12 02:44:26
/mnt/data/shared/npa-multilingual/outputs/baselines/clip_tllm,clip_tllm,ok,hf-hub:laion/CLIP-ViT-bigG-14-laion2B-39B-b160k,clip_dense_retrieval_baseline,,translation_tllm,,float32,"1,5,10,25,50",,,False,2048,0.6577775283331262,0.8708241963093772,0.9212244881596197,0.9638474521233308,0.9815629221906408,249443,fa,0.6668046928916495,0.8771566597653554,0.9278122843340235,0.9715665976535541,0.9868875086266391,2026-03-12 02:44:26
/mnt/data/shared/npa-multilingual/outputs/baselines/clip_tllm,clip_tllm,ok,hf-hub:laion/CLIP-ViT-bigG-14-laion2B-39B-b160k,clip_dense_retrieval_baseline,,translation_tllm,,float32,"1,5,10,25,50",,,False,2048,0.6577775283331262,0.8708241963093772,0.9212244881596197,0.9638474521233308,0.9815629221906408,249443,fi,0.7303213133155605,0.9226883681773538,0.9569243721060755,0.9833029325101725,0.9920022449838641,2026-03-12 02:44:26
/mnt/data/shared/npa-multilingual/outputs/baselines/clip_tllm,clip_tllm,ok,hf-hub:laion/CLIP-ViT-bigG-14-laion2B-39B-b160k,clip_dense_retrieval_baseline,,translation_tllm,,float32,"1,5,10,25,50",,,False,2048,0.6577775283331262,0.8708241963093772,0.9212244881596197,0.9638474521233308,0.9815629221906408,249443,fil,0.5376283584189057,0.7857645238430159,0.8572232381488254,0.9285412856941905,0.958362638908426,2026-03-12 02:44:26
/mnt/data/shared/npa-multilingual/outputs/baselines/clip_tllm,clip_tllm,ok,hf-hub:laion/CLIP-ViT-bigG-14-laion2B-39B-b160k,clip_dense_retrieval_baseline,,translation_tllm,,float32,"1,5,10,25,50",,,False,2048,0.6577775283331262,0.8708241963093772,0.9212244881596197,0.9638474521233308,0.9815629221906408,249443,fr,0.7271665498715253,0.9244335435645877,0.9626255547769212,0.9869189441719225,0.9942770380752161,2026-03-12 02:44:26
/mnt/data/shared/npa-multilingual/outputs/baselines/clip_tllm,clip_tllm,ok,hf-hub:laion/CLIP-ViT-bigG-14-laion2B-39B-b160k,clip_dense_retrieval_baseline,,translation_tllm,,float32,"1,5,10,25,50",,,False,2048,0.6577775283331262,0.8708241963093772,0.9212244881596197,0.9638474521233308,0.9815629221906408,249443,he,0.7083333333333334,0.8972222222222223,0.9433333333333334,0.975,0.9873611111111111,2026-03-12 02:44:26
/mnt/data/shared/npa-multilingual/outputs/baselines/clip_tllm,clip_tllm,ok,hf-hub:laion/CLIP-ViT-bigG-14-laion2B-39B-b160k,clip_dense_retrieval_baseline,,translation_tllm,,float32,"1,5,10,25,50",,,False,2048,0.6577775283331262,0.8708241963093772,0.9212244881596197,0.9638474521233308,0.9815629221906408,249443,hi,0.39880042337998356,0.6637657297424439,0.7550276373044807,0.8600493943314125,0.9167352699047395,2026-03-12 02:44:26
/mnt/data/shared/npa-multilingual/outputs/baselines/clip_tllm,clip_tllm,ok,hf-hub:laion/CLIP-ViT-bigG-14-laion2B-39B-b160k,clip_dense_retrieval_baseline,,translation_tllm,,float32,"1,5,10,25,50",,,False,2048,0.6577775283331262,0.8708241963093772,0.9212244881596197,0.9638474521233308,0.9815629221906408,249443,hr,0.6990384615384615,0.8968406593406594,0.935989010989011,0.9729395604395604,0.985989010989011,2026-03-12 02:44:26
/mnt/data/shared/npa-multilingual/outputs/baselines/clip_tllm,clip_tllm,ok,hf-hub:laion/CLIP-ViT-bigG-14-laion2B-39B-b160k,clip_dense_retrieval_baseline,,translation_tllm,,float32,"1,5,10,25,50",,,False,2048,0.6577775283331262,0.8708241963093772,0.9212244881596197,0.9638474521233308,0.9815629221906408,249443,hu,0.7375277161862528,0.9201773835920177,0.9585643015521065,0.9862804878048781,0.9943181818181818,2026-03-12 02:44:26
/mnt/data/shared/npa-multilingual/outputs/baselines/clip_tllm,clip_tllm,ok,hf-hub:laion/CLIP-ViT-bigG-14-laion2B-39B-b160k,clip_dense_retrieval_baseline,,translation_tllm,,float32,"1,5,10,25,50",,,False,2048,0.6577775283331262,0.8708241963093772,0.9212244881596197,0.9638474521233308,0.9815629221906408,249443,id,0.7312657872579287,0.9239404995790065,0.9605669379736177,0.9875105248386191,0.9939657591916924,2026-03-12 02:44:26
/mnt/data/shared/npa-multilingual/outputs/baselines/clip_tllm,clip_tllm,ok,hf-hub:laion/CLIP-ViT-bigG-14-laion2B-39B-b160k,clip_dense_retrieval_baseline,,translation_tllm,,float32,"1,5,10,25,50",,,False,2048,0.6577775283331262,0.8708241963093772,0.9212244881596197,0.9638474521233308,0.9815629221906408,249443,it,0.7254161256050053,0.9201983236925982,0.9570298666037068,0.9853618226891748,0.9944516585999291,2026-03-12 02:44:26
/mnt/data/shared/npa-multilingual/outputs/baselines/clip_tllm,clip_tllm,ok,hf-hub:laion/CLIP-ViT-bigG-14-laion2B-39B-b160k,clip_dense_retrieval_baseline,,translation_tllm,,float32,"1,5,10,25,50",,,False,2048,0.6577775283331262,0.8708241963093772,0.9212244881596197,0.9638474521233308,0.9815629221906408,249443,ja,0.7359777313848295,0.9223382045929018,0.9590814196242171,0.9849686847599165,0.9947112038970076,2026-03-12 02:44:26
/mnt/data/shared/npa-multilingual/outputs/baselines/clip_tllm,clip_tllm,ok,hf-hub:laion/CLIP-ViT-bigG-14-laion2B-39B-b160k,clip_dense_retrieval_baseline,,translation_tllm,,float32,"1,5,10,25,50",,,False,2048,0.6577775283331262,0.8708241963093772,0.9212244881596197,0.9638474521233308,0.9815629221906408,249443,ko,0.6911111111111111,0.8938562091503268,0.9380392156862745,0.9749019607843137,0.9882352941176471,2026-03-12 02:44:26
/mnt/data/shared/npa-multilingual/outputs/baselines/clip_tllm,clip_tllm,ok,hf-hub:laion/CLIP-ViT-bigG-14-laion2B-39B-b160k,clip_dense_retrieval_baseline,,translation_tllm,,float32,"1,5,10,25,50",,,False,2048,0.6577775283331262,0.8708241963093772,0.9212244881596197,0.9638474521233308,0.9815629221906408,249443,nl,0.6215411341357489,0.8545725276088845,0.9157463705174339,0.9617818587914133,0.9825040327584067,2026-03-12 02:44:26
/mnt/data/shared/npa-multilingual/outputs/baselines/clip_tllm,clip_tllm,ok,hf-hub:laion/CLIP-ViT-bigG-14-laion2B-39B-b160k,clip_dense_retrieval_baseline,,translation_tllm,,float32,"1,5,10,25,50",,,False,2048,0.6577775283331262,0.8708241963093772,0.9212244881596197,0.9638474521233308,0.9815629221906408,249443,no,0.6891723277415777,0.9035075558020241,0.9457923194232636,0.9768473589352558,0.9883543601830029,2026-03-12 02:44:26
/mnt/data/shared/npa-multilingual/outputs/baselines/clip_tllm,clip_tllm,ok,hf-hub:laion/CLIP-ViT-bigG-14-laion2B-39B-b160k,clip_dense_retrieval_baseline,,translation_tllm,,float32,"1,5,10,25,50",,,False,2048,0.6577775283331262,0.8708241963093772,0.9212244881596197,0.9638474521233308,0.9815629221906408,249443,pl,0.7076039770340289,0.9065957148858703,0.9448256546702143,0.9771740652569668,0.9896373056994818,2026-03-12 02:44:26
/mnt/data/shared/npa-multilingual/outputs/baselines/clip_tllm,clip_tllm,ok,hf-hub:laion/CLIP-ViT-bigG-14-laion2B-39B-b160k,clip_dense_retrieval_baseline,,translation_tllm,,float32,"1,5,10,25,50",,,False,2048,0.6577775283331262,0.8708241963093772,0.9212244881596197,0.9638474521233308,0.9815629221906408,249443,pt,0.6759629987574209,0.8830595057296701,0.9369045975424548,0.9714206820378296,0.9849509871600166,2026-03-12 02:44:26
/mnt/data/shared/npa-multilingual/outputs/baselines/clip_tllm,clip_tllm,ok,hf-hub:laion/CLIP-ViT-bigG-14-laion2B-39B-b160k,clip_dense_retrieval_baseline,,translation_tllm,,float32,"1,5,10,25,50",,,False,2048,0.6577775283331262,0.8708241963093772,0.9212244881596197,0.9638474521233308,0.9815629221906408,249443,ro,0.7415414853292153,0.9303664186438299,0.964200477326969,0.9849782395058262,0.9938228274603398,2026-03-12 02:44:26
/mnt/data/shared/npa-multilingual/outputs/baselines/clip_tllm,clip_tllm,ok,hf-hub:laion/CLIP-ViT-bigG-14-laion2B-39B-b160k,clip_dense_retrieval_baseline,,translation_tllm,,float32,"1,5,10,25,50",,,False,2048,0.6577775283331262,0.8708241963093772,0.9212244881596197,0.9638474521233308,0.9815629221906408,249443,ru,0.7483333333333333,0.9358333333333333,0.9680555555555556,0.9897222222222222,0.9966666666666667,2026-03-12 02:44:26
/mnt/data/shared/npa-multilingual/outputs/baselines/clip_tllm,clip_tllm,ok,hf-hub:laion/CLIP-ViT-bigG-14-laion2B-39B-b160k,clip_dense_retrieval_baseline,,translation_tllm,,float32,"1,5,10,25,50",,,False,2048,0.6577775283331262,0.8708241963093772,0.9212244881596197,0.9638474521233308,0.9815629221906408,249443,sv,0.680186992987763,0.8843668362436409,0.9294651450570603,0.9686511755809157,0.985975525917778,2026-03-12 02:44:26
/mnt/data/shared/npa-multilingual/outputs/baselines/clip_tllm,clip_tllm,ok,hf-hub:laion/CLIP-ViT-bigG-14-laion2B-39B-b160k,clip_dense_retrieval_baseline,,translation_tllm,,float32,"1,5,10,25,50",,,False,2048,0.6577775283331262,0.8708241963093772,0.9212244881596197,0.9638474521233308,0.9815629221906408,249443,sw,0.47076355378938406,0.7199829690604599,0.801447629860914,0.8854669315923929,0.9341470337780301,2026-03-12 02:44:26
/mnt/data/shared/npa-multilingual/outputs/baselines/clip_tllm,clip_tllm,ok,hf-hub:laion/CLIP-ViT-bigG-14-laion2B-39B-b160k,clip_dense_retrieval_baseline,,translation_tllm,,float32,"1,5,10,25,50",,,False,2048,0.6577775283331262,0.8708241963093772,0.9212244881596197,0.9638474521233308,0.9815629221906408,249443,te,0.44625,0.7111111111111111,0.7977777777777778,0.8881944444444444,0.9384722222222223,2026-03-12 02:44:26
/mnt/data/shared/npa-multilingual/outputs/baselines/clip_tllm,clip_tllm,ok,hf-hub:laion/CLIP-ViT-bigG-14-laion2B-39B-b160k,clip_dense_retrieval_baseline,,translation_tllm,,float32,"1,5,10,25,50",,,False,2048,0.6577775283331262,0.8708241963093772,0.9212244881596197,0.9638474521233308,0.9815629221906408,249443,th,0.66375,0.8890277777777778,0.9405555555555556,0.9765277777777778,0.9897222222222222,2026-03-12 02:44:26
/mnt/data/shared/npa-multilingual/outputs/baselines/clip_tllm,clip_tllm,ok,hf-hub:laion/CLIP-ViT-bigG-14-laion2B-39B-b160k,clip_dense_retrieval_baseline,,translation_tllm,,float32,"1,5,10,25,50",,,False,2048,0.6577775283331262,0.8708241963093772,0.9212244881596197,0.9638474521233308,0.9815629221906408,249443,tr,0.6431632794137979,0.8656159270012443,0.9206415042167841,0.968754320475598,0.9847919258952026,2026-03-12 02:44:26
/mnt/data/shared/npa-multilingual/outputs/baselines/clip_tllm,clip_tllm,ok,hf-hub:laion/CLIP-ViT-bigG-14-laion2B-39B-b160k,clip_dense_retrieval_baseline,,translation_tllm,,float32,"1,5,10,25,50",,,False,2048,0.6577775283331262,0.8708241963093772,0.9212244881596197,0.9638474521233308,0.9815629221906408,249443,uk,0.7262647262647263,0.9168399168399168,0.9552321552321552,0.9825363825363825,0.9912681912681913,2026-03-12 02:44:26
/mnt/data/shared/npa-multilingual/outputs/baselines/clip_tllm,clip_tllm,ok,hf-hub:laion/CLIP-ViT-bigG-14-laion2B-39B-b160k,clip_dense_retrieval_baseline,,translation_tllm,,float32,"1,5,10,25,50",,,False,2048,0.6577775283331262,0.8708241963093772,0.9212244881596197,0.9638474521233308,0.9815629221906408,249443,vi,0.6951020408163265,0.8997278911564626,0.9458503401360544,0.9795918367346939,0.9903401360544217,2026-03-12 02:44:26
/mnt/data/shared/npa-multilingual/outputs/baselines/clip_tllm,clip_tllm,ok,hf-hub:laion/CLIP-ViT-bigG-14-laion2B-39B-b160k,clip_dense_retrieval_baseline,,translation_tllm,,float32,"1,5,10,25,50",,,False,2048,0.6577775283331262,0.8708241963093772,0.9212244881596197,0.9638474521233308,0.9815629221906408,249443,zh,0.6706161137440758,0.8771954279342069,0.9257039308614441,0.9671034290493449,0.985781990521327,2026-03-12 02:44:26
/mnt/data/shared/npa-multilingual/outputs/baselines/qwen_vl,qwen_vl,ok,Qwen/Qwen3-VL-Embedding-8B,multimodal_embedding,vllm_pooling_runner,,xm3600_source_caption,float32,"1,5,10,25,50",,,False,2048,0.6380105212816835,0.8317283596365376,0.8798507890961262,0.9227967479674797,0.9443443328550932,261375,ar,0.6303787158952083,0.859237138591014,0.9195059047101941,0.9671508076557622,0.9842541061490431,2026-03-12 02:44:37
/mnt/data/shared/npa-multilingual/outputs/baselines/qwen_vl,qwen_vl,ok,Qwen/Qwen3-VL-Embedding-8B,multimodal_embedding,vllm_pooling_runner,,xm3600_source_caption,float32,"1,5,10,25,50",,,False,2048,0.6380105212816835,0.8317283596365376,0.8798507890961262,0.9227967479674797,0.9443443328550932,261375,bn,0.5822222222222222,0.8144444444444444,0.8777777777777778,0.9427777777777778,0.9730555555555556,2026-03-12 02:44:37
/mnt/data/shared/npa-multilingual/outputs/baselines/qwen_vl,qwen_vl,ok,Qwen/Qwen3-VL-Embedding-8B,multimodal_embedding,vllm_pooling_runner,,xm3600_source_caption,float32,"1,5,10,25,50",,,False,2048,0.6380105212816835,0.8317283596365376,0.8798507890961262,0.9227967479674797,0.9443443328550932,261375,cs,0.5786041348688775,0.8187872901345914,0.887609268766477,0.9461634521992507,0.9716941862078535,2026-03-12 02:44:37
/mnt/data/shared/npa-multilingual/outputs/baselines/qwen_vl,qwen_vl,ok,Qwen/Qwen3-VL-Embedding-8B,multimodal_embedding,vllm_pooling_runner,,xm3600_source_caption,float32,"1,5,10,25,50",,,False,2048,0.6380105212816835,0.8317283596365376,0.8798507890961262,0.9227967479674797,0.9443443328550932,261375,da,0.7011288546255506,0.8993667400881057,0.9405286343612335,0.973568281938326,0.9874724669603524,2026-03-12 02:44:37
/mnt/data/shared/npa-multilingual/outputs/baselines/qwen_vl,qwen_vl,ok,Qwen/Qwen3-VL-Embedding-8B,multimodal_embedding,vllm_pooling_runner,,xm3600_source_caption,float32,"1,5,10,25,50",,,False,2048,0.6380105212816835,0.8317283596365376,0.8798507890961262,0.9227967479674797,0.9443443328550932,261375,de,0.8162674997107486,0.9564965868332754,0.9769755871803771,0.9923637625824366,0.9962975818581511,2026-03-12 02:44:37
/mnt/data/shared/npa-multilingual/outputs/baselines/qwen_vl,qwen_vl,ok,Qwen/Qwen3-VL-Embedding-8B,multimodal_embedding,vllm_pooling_runner,,xm3600_source_caption,float32,"1,5,10,25,50",,,False,2048,0.6380105212816835,0.8317283596365376,0.8798507890961262,0.9227967479674797,0.9443443328550932,261375,el,0.616740699611327,0.8410605219322599,0.897140477512493,0.9485008328706275,0.974458634092171,2026-03-12 02:44:37
/mnt/data/shared/npa-multilingual/outputs/baselines/qwen_vl,qwen_vl,ok,Qwen/Qwen3-VL-Embedding-8B,multimodal_embedding,vllm_pooling_runner,,xm3600_source_caption,float32,"1,5,10,25,50",,,False,2048,0.6380105212816835,0.8317283596365376,0.8798507890961262,0.9227967479674797,0.9443443328550932,261375,en,0.6133333333333333,0.8431944444444445,0.8965277777777778,0.9502777777777778,0.9777777777777777,2026-03-12 02:44:37
/mnt/data/shared/npa-multilingual/outputs/baselines/qwen_vl,qwen_vl,ok,Qwen/Qwen3-VL-Embedding-8B,multimodal_embedding,vllm_pooling_runner,,xm3600_source_caption,float32,"1,5,10,25,50",,,False,2048,0.6380105212816835,0.8317283596365376,0.8798507890961262,0.9227967479674797,0.9443443328550932,261375,es,0.684583236591595,0.897492454144416,0.9467146505688414,0.9796842349663338,0.9916415138147202,2026-03-12 02:44:37
/mnt/data/shared/npa-multilingual/outputs/baselines/qwen_vl,qwen_vl,ok,Qwen/Qwen3-VL-Embedding-8B,multimodal_embedding,vllm_pooling_runner,,xm3600_source_caption,float32,"1,5,10,25,50",,,False,2048,0.6380105212816835,0.8317283596365376,0.8798507890961262,0.9227967479674797,0.9443443328550932,261375,fa,0.6494133885438234,0.8662525879917184,0.9188405797101449,0.9598343685300207,0.9783298826777088,2026-03-12 02:44:37
/mnt/data/shared/npa-multilingual/outputs/baselines/qwen_vl,qwen_vl,ok,Qwen/Qwen3-VL-Embedding-8B,multimodal_embedding,vllm_pooling_runner,,xm3600_source_caption,float32,"1,5,10,25,50",,,False,2048,0.6380105212816835,0.8317283596365376,0.8798507890961262,0.9227967479674797,0.9443443328550932,261375,fi,0.6437491230531781,0.8472007857443524,0.8978532341798793,0.9438754033955381,0.9677283569524344,2026-03-12 02:44:37
/mnt/data/shared/npa-multilingual/outputs/baselines/qwen_vl,qwen_vl,ok,Qwen/Qwen3-VL-Embedding-8B,multimodal_embedding,vllm_pooling_runner,,xm3600_source_caption,float32,"1,5,10,25,50",,,False,2048,0.6380105212816835,0.8317283596365376,0.8798507890961262,0.9227967479674797,0.9443443328550932,261375,fil,0.47995498663665775,0.7168378112252075,0.7950485300323533,0.8696019130679421,0.9165846110564073,2026-03-12 02:44:37
/mnt/data/shared/npa-multilingual/outputs/baselines/qwen_vl,qwen_vl,ok,Qwen/Qwen3-VL-Embedding-8B,multimodal_embedding,vllm_pooling_runner,,xm3600_source_caption,float32,"1,5,10,25,50",,,False,2048,0.6380105212816835,0.8317283596365376,0.8798507890961262,0.9227967479674797,0.9443443328550932,261375,fr,0.7794907731838355,0.9445223078719925,0.9740714786264891,0.991240364400841,0.9975473020322354,2026-03-12 02:44:37
/mnt/data/shared/npa-multilingual/outputs/baselines/qwen_vl,qwen_vl,ok,Qwen/Qwen3-VL-Embedding-8B,multimodal_embedding,vllm_pooling_runner,,xm3600_source_caption,float32,"1,5,10,25,50",,,False,2048,0.6380105212816835,0.8317283596365376,0.8798507890961262,0.9227967479674797,0.9443443328550932,261375,he,0.7001388888888889,0.8820833333333333,0.9279166666666666,0.9630555555555556,0.98125,2026-03-12 02:44:37
/mnt/data/shared/npa-multilingual/outputs/baselines/qwen_vl,qwen_vl,ok,Qwen/Qwen3-VL-Embedding-8B,multimodal_embedding,vllm_pooling_runner,,xm3600_source_caption,float32,"1,5,10,25,50",,,False,2048,0.6380105212816835,0.8317283596365376,0.8798507890961262,0.9227967479674797,0.9443443328550932,261375,hi,0.4407856050805598,0.6978713395272257,0.7865459249676585,0.8767493825708573,0.9221451252499118,2026-03-12 02:44:37
/mnt/data/shared/npa-multilingual/outputs/baselines/qwen_vl,qwen_vl,ok,Qwen/Qwen3-VL-Embedding-8B,multimodal_embedding,vllm_pooling_runner,,xm3600_source_caption,float32,"1,5,10,25,50",,,False,2048,0.6380105212816835,0.8317283596365376,0.8798507890961262,0.9227967479674797,0.9443443328550932,261375,hr,0.6646978021978022,0.8631868131868132,0.9105769230769231,0.9528846153846153,0.9718406593406593,2026-03-12 02:44:37
/mnt/data/shared/npa-multilingual/outputs/baselines/qwen_vl,qwen_vl,ok,Qwen/Qwen3-VL-Embedding-8B,multimodal_embedding,vllm_pooling_runner,,xm3600_source_caption,float32,"1,5,10,25,50",,,False,2048,0.6380105212816835,0.8317283596365376,0.8798507890961262,0.9227967479674797,0.9443443328550932,261375,hu,0.7055155210643016,0.8948170731707317,0.9356984478935698,0.9675720620842572,0.9829545454545454,2026-03-12 02:44:37
/mnt/data/shared/npa-multilingual/outputs/baselines/qwen_vl,qwen_vl,ok,Qwen/Qwen3-VL-Embedding-8B,multimodal_embedding,vllm_pooling_runner,,xm3600_source_caption,float32,"1,5,10,25,50",,,False,2048,0.6380105212816835,0.8317283596365376,0.8798507890961262,0.9227967479674797,0.9443443328550932,261375,id,0.7938534942464216,0.9549536907100757,0.976985686219478,0.9929834409205726,0.9967723828234634,2026-03-12 02:44:37
/mnt/data/shared/npa-multilingual/outputs/baselines/qwen_vl,qwen_vl,ok,Qwen/Qwen3-VL-Embedding-8B,multimodal_embedding,vllm_pooling_runner,,xm3600_source_caption,float32,"1,5,10,25,50",,,False,2048,0.6380105212816835,0.8317283596365376,0.8798507890961262,0.9227967479674797,0.9443443328550932,261375,it,0.7753511982056428,0.945460984535474,0.9723763428166686,0.9897296659190178,0.9959863062212253,2026-03-12 02:44:37
/mnt/data/shared/npa-multilingual/outputs/baselines/qwen_vl,qwen_vl,ok,Qwen/Qwen3-VL-Embedding-8B,multimodal_embedding,vllm_pooling_runner,,xm3600_source_caption,float32,"1,5,10,25,50",,,False,2048,0.6380105212816835,0.8317283596365376,0.8798507890961262,0.9227967479674797,0.9443443328550932,261375,ja,0.7670146137787056,0.9390396659707725,0.9697981906750174,0.9883089770354906,0.9958246346555324,2026-03-12 02:44:37
/mnt/data/shared/npa-multilingual/outputs/baselines/qwen_vl,qwen_vl,ok,Qwen/Qwen3-VL-Embedding-8B,multimodal_embedding,vllm_pooling_runner,,xm3600_source_caption,float32,"1,5,10,25,50",,,False,2048,0.6380105212816835,0.8317283596365376,0.8798507890961262,0.9227967479674797,0.9443443328550932,261375,ko,0.7142483660130718,0.9162091503267974,0.954640522875817,0.9816993464052287,0.9916339869281046,2026-03-12 02:44:37
/mnt/data/shared/npa-multilingual/outputs/baselines/qwen_vl,qwen_vl,ok,Qwen/Qwen3-VL-Embedding-8B,multimodal_embedding,vllm_pooling_runner,,xm3600_source_caption,float32,"1,5,10,25,50",,,False,2048,0.6380105212816835,0.8317283596365376,0.8798507890961262,0.9227967479674797,0.9443443328550932,261375,mi,0.08685545224006762,0.19737954353338968,0.2605663567202029,0.36348267117497884,0.4556213017751479,2026-03-12 02:44:37
/mnt/data/shared/npa-multilingual/outputs/baselines/qwen_vl,qwen_vl,ok,Qwen/Qwen3-VL-Embedding-8B,multimodal_embedding,vllm_pooling_runner,,xm3600_source_caption,float32,"1,5,10,25,50",,,False,2048,0.6380105212816835,0.8317283596365376,0.8798507890961262,0.9227967479674797,0.9443443328550932,261375,nl,0.6384166770070728,0.8625139595483311,0.9186003226206726,0.9648839806427596,0.9818836083881375,2026-03-12 02:44:37
/mnt/data/shared/npa-multilingual/outputs/baselines/qwen_vl,qwen_vl,ok,Qwen/Qwen3-VL-Embedding-8B,multimodal_embedding,vllm_pooling_runner,,xm3600_source_caption,float32,"1,5,10,25,50",,,False,2048,0.6380105212816835,0.8317283596365376,0.8798507890961262,0.9227967479674797,0.9443443328550932,261375,no,0.6841813392485789,0.8907528074310274,0.9344239567447664,0.9707472618882573,0.9850270345210037,2026-03-12 02:44:37
/mnt/data/shared/npa-multilingual/outputs/baselines/qwen_vl,qwen_vl,ok,Qwen/Qwen3-VL-Embedding-8B,multimodal_embedding,vllm_pooling_runner,,xm3600_source_caption,float32,"1,5,10,25,50",,,False,2048,0.6380105212816835,0.8317283596365376,0.8798507890961262,0.9227967479674797,0.9443443328550932,261375,pl,0.7190869626102787,0.9063156420669374,0.9488867105447416,0.9782943565326985,0.9901974513373477,2026-03-12 02:44:37
/mnt/data/shared/npa-multilingual/outputs/baselines/qwen_vl,qwen_vl,ok,Qwen/Qwen3-VL-Embedding-8B,multimodal_embedding,vllm_pooling_runner,,xm3600_source_caption,float32,"1,5,10,25,50",,,False,2048,0.6380105212816835,0.8317283596365376,0.8798507890961262,0.9227967479674797,0.9443443328550932,261375,pt,0.7139306917023333,0.901007869667265,0.9443600717934557,0.9759768051912191,0.989230981637443,2026-03-12 02:44:37
/mnt/data/shared/npa-multilingual/outputs/baselines/qwen_vl,qwen_vl,ok,Qwen/Qwen3-VL-Embedding-8B,multimodal_embedding,vllm_pooling_runner,,xm3600_source_caption,float32,"1,5,10,25,50",,,False,2048,0.6380105212816835,0.8317283596365376,0.8798507890961262,0.9227967479674797,0.9443443328550932,261375,quz,0.06513888888888889,0.1451388888888889,0.1875,0.2551388888888889,0.3186111111111111,2026-03-12 02:44:37
/mnt/data/shared/npa-multilingual/outputs/baselines/qwen_vl,qwen_vl,ok,Qwen/Qwen3-VL-Embedding-8B,multimodal_embedding,vllm_pooling_runner,,xm3600_source_caption,float32,"1,5,10,25,50",,,False,2048,0.6380105212816835,0.8317283596365376,0.8798507890961262,0.9227967479674797,0.9443443328550932,261375,ro,0.7296083111048716,0.9039730450652815,0.9430015442931349,0.9713603818615751,0.9834339463709111,2026-03-12 02:44:37
/mnt/data/shared/npa-multilingual/outputs/baselines/qwen_vl,qwen_vl,ok,Qwen/Qwen3-VL-Embedding-8B,multimodal_embedding,vllm_pooling_runner,,xm3600_source_caption,float32,"1,5,10,25,50",,,False,2048,0.6380105212816835,0.8317283596365376,0.8798507890961262,0.9227967479674797,0.9443443328550932,261375,ru,0.8002777777777778,0.9559722222222222,0.9779166666666667,0.99375,0.9976388888888889,2026-03-12 02:44:37
/mnt/data/shared/npa-multilingual/outputs/baselines/qwen_vl,qwen_vl,ok,Qwen/Qwen3-VL-Embedding-8B,multimodal_embedding,vllm_pooling_runner,,xm3600_source_caption,float32,"1,5,10,25,50",,,False,2048,0.6380105212816835,0.8317283596365376,0.8798507890961262,0.9227967479674797,0.9443443328550932,261375,sv,0.6771621064210092,0.8751546816994362,0.9227278977038361,0.9620514230716348,0.9786882991887804,2026-03-12 02:44:37
/mnt/data/shared/npa-multilingual/outputs/baselines/qwen_vl,qwen_vl,ok,Qwen/Qwen3-VL-Embedding-8B,multimodal_embedding,vllm_pooling_runner,,xm3600_source_caption,float32,"1,5,10,25,50",,,False,2048,0.6380105212816835,0.8317283596365376,0.8798507890961262,0.9227967479674797,0.9443443328550932,261375,sw,0.21827987510644337,0.40022707919386885,0.4856656258870281,0.603179108714164,0.6894692023843315,2026-03-12 02:44:37
/mnt/data/shared/npa-multilingual/outputs/baselines/qwen_vl,qwen_vl,ok,Qwen/Qwen3-VL-Embedding-8B,multimodal_embedding,vllm_pooling_runner,,xm3600_source_caption,float32,"1,5,10,25,50",,,False,2048,0.6380105212816835,0.8317283596365376,0.8798507890961262,0.9227967479674797,0.9443443328550932,261375,te,0.3861111111111111,0.6547222222222222,0.7568055555555555,0.8633333333333333,0.9177777777777778,2026-03-12 02:44:37
/mnt/data/shared/npa-multilingual/outputs/baselines/qwen_vl,qwen_vl,ok,Qwen/Qwen3-VL-Embedding-8B,multimodal_embedding,vllm_pooling_runner,,xm3600_source_caption,float32,"1,5,10,25,50",,,False,2048,0.6380105212816835,0.8317283596365376,0.8798507890961262,0.9227967479674797,0.9443443328550932,261375,th,0.7122222222222222,0.9097222222222222,0.9515277777777778,0.9811111111111112,0.9938888888888889,2026-03-12 02:44:37
/mnt/data/shared/npa-multilingual/outputs/baselines/qwen_vl,qwen_vl,ok,Qwen/Qwen3-VL-Embedding-8B,multimodal_embedding,vllm_pooling_runner,,xm3600_source_caption,float32,"1,5,10,25,50",,,False,2048,0.6380105212816835,0.8317283596365376,0.8798507890961262,0.9227967479674797,0.9443443328550932,261375,tr,0.6412277063459145,0.8538642333748099,0.9120696806304438,0.9628093460528135,0.9795382275680907,2026-03-12 02:44:37
/mnt/data/shared/npa-multilingual/outputs/baselines/qwen_vl,qwen_vl,ok,Qwen/Qwen3-VL-Embedding-8B,multimodal_embedding,vllm_pooling_runner,,xm3600_source_caption,float32,"1,5,10,25,50",,,False,2048,0.6380105212816835,0.8317283596365376,0.8798507890961262,0.9227967479674797,0.9443443328550932,261375,uk,0.7467775467775468,0.9234927234927235,0.9577269577269577,0.982952182952183,0.99002079002079,2026-03-12 02:44:37
/mnt/data/shared/npa-multilingual/outputs/baselines/qwen_vl,qwen_vl,ok,Qwen/Qwen3-VL-Embedding-8B,multimodal_embedding,vllm_pooling_runner,,xm3600_source_caption,float32,"1,5,10,25,50",,,False,2048,0.6380105212816835,0.8317283596365376,0.8798507890961262,0.9227967479674797,0.9443443328550932,261375,vi,0.7663945578231293,0.9380952380952381,0.9680272108843537,0.9878911564625851,0.9946938775510205,2026-03-12 02:44:37
/mnt/data/shared/npa-multilingual/outputs/baselines/qwen_vl,qwen_vl,ok,Qwen/Qwen3-VL-Embedding-8B,multimodal_embedding,vllm_pooling_runner,,xm3600_source_caption,float32,"1,5,10,25,50",,,False,2048,0.6380105212816835,0.8317283596365376,0.8798507890961262,0.9227967479674797,0.9443443328550932,261375,zh,0.7517424031223864,0.9224979091162532,0.957345971563981,0.9838304990242542,0.992054641761918,2026-03-12 02:44:37
