run_dir,run_name,status,text_model,text_tag,image_model,image_tag,k,p,proc,dtype,anchor_n,anchor_chunk,Ks,languages,max_queries,one_per_image_per_lang,seed,overall.R@1,overall.R@5,overall.R@10,overall.R@25,overall.R@50,n_queries,xm_cache,cc_cache,text_repo,image_repo
/mnt/data/shared/npa-multilingual/outputs/c-radio-v4-h_bge-m3_k200_p2,c-radio-v4-h_bge-m3_k200_p2,ok,bge-m3,bge-m3,c-radio-v4-h,c-radio-v4-h,200,2,asif,float32,1600000,100000,"1,5,10,25,50",,,False,0,0.1385251076040172,0.3208952654232425,0.413922525107604,0.5338536585365854,0.6203309421329507,261375,/mnt/data/shared/npa-multilingual/downloads/xm3600/caches,/mnt/data/shared/npa-multilingual/downloads/conceptual12m/caches,BAAI/bge-m3,nvidia/C-RADIOv4-H
/mnt/data/shared/npa-multilingual/outputs/c-radio-v4-h_bge-m3_k200_p4,c-radio-v4-h_bge-m3_k200_p4,ok,bge-m3,bge-m3,c-radio-v4-h,c-radio-v4-h,200,4,asif,float32,1600000,100000,"1,5,10,25,50",,,False,0,0.1419531324725012,0.3222305117168819,0.4132835963653754,0.5322467718794835,0.6189727403156384,261375,/mnt/data/shared/npa-multilingual/downloads/xm3600/caches,/mnt/data/shared/npa-multilingual/downloads/conceptual12m/caches,BAAI/bge-m3,nvidia/C-RADIOv4-H
/mnt/data/shared/npa-multilingual/outputs/c-radio-v4-h_bge-m3_k200_p8,c-radio-v4-h_bge-m3_k200_p8,ok,bge-m3,bge-m3,c-radio-v4-h,c-radio-v4-h,200,8,asif,float32,1600000,100000,"1,5,10,25,50",,,False,0,0.13891917742706839,0.309635581061693,0.39741750358680056,0.5160057388809183,0.6064505021520803,261375,/mnt/data/shared/npa-multilingual/downloads/xm3600/caches,/mnt/data/shared/npa-multilingual/downloads/conceptual12m/caches,BAAI/bge-m3,nvidia/C-RADIOv4-H
/mnt/data/shared/npa-multilingual/outputs/c-radio-v4-h_bge-m3_k400_p2,c-radio-v4-h_bge-m3_k400_p2,ok,bge-m3,bge-m3,c-radio-v4-h,c-radio-v4-h,400,2,asif,float32,1600000,100000,"1,5,10,25,50",,,False,0,0.14520133907221425,0.3435791487326638,0.4486006695361071,0.5865098039215686,0.6849736967957915,261375,/mnt/data/shared/npa-multilingual/downloads/xm3600/caches,/mnt/data/shared/npa-multilingual/downloads/conceptual12m/caches,BAAI/bge-m3,nvidia/C-RADIOv4-H
/mnt/data/shared/npa-multilingual/outputs/c-radio-v4-h_bge-m3_k400_p4,c-radio-v4-h_bge-m3_k400_p4,ok,bge-m3,bge-m3,c-radio-v4-h,c-radio-v4-h,400,4,asif,float32,1600000,100000,"1,5,10,25,50",,,False,0,0.14931037780966044,0.34679674796747967,0.44961453849832617,0.5853658536585366,0.6830607364897179,261375,/mnt/data/shared/npa-multilingual/downloads/xm3600/caches,/mnt/data/shared/npa-multilingual/downloads/conceptual12m/caches,BAAI/bge-m3,nvidia/C-RADIOv4-H
/mnt/data/shared/npa-multilingual/outputs/c-radio-v4-h_bge-m3_k400_p8,c-radio-v4-h_bge-m3_k400_p8,ok,bge-m3,bge-m3,c-radio-v4-h,c-radio-v4-h,400,8,asif,float32,1600000,100000,"1,5,10,25,50",,,False,0,0.14876709708273553,0.33635198469631755,0.43428407460545193,0.5633323768531803,0.661011956001913,261375,/mnt/data/shared/npa-multilingual/downloads/xm3600/caches,/mnt/data/shared/npa-multilingual/downloads/conceptual12m/caches,BAAI/bge-m3,nvidia/C-RADIOv4-H
/mnt/data/shared/npa-multilingual/outputs/c-radio-v4-h_bge-m3_k800_p2,c-radio-v4-h_bge-m3_k800_p2,ok,bge-m3,bge-m3,c-radio-v4-h,c-radio-v4-h,800,2,asif,float32,1600000,100000,"1,5,10,25,50",,,False,0,0.1466628407460545,0.35137254901960785,0.4626188426590148,0.6120554758488761,0.7186303204208513,261375,/mnt/data/shared/npa-multilingual/downloads/xm3600/caches,/mnt/data/shared/npa-multilingual/downloads/conceptual12m/caches,BAAI/bge-m3,nvidia/C-RADIOv4-H
/mnt/data/shared/npa-multilingual/outputs/c-radio-v4-h_bge-m3_k800_p4,c-radio-v4-h_bge-m3_k800_p4,ok,bge-m3,bge-m3,c-radio-v4-h,c-radio-v4-h,800,4,asif,float32,1600000,100000,"1,5,10,25,50",,,False,0,0.15116977522716404,0.35506073648971787,0.4645050215208034,0.6119674796747967,0.717168818747011,261375,/mnt/data/shared/npa-multilingual/downloads/xm3600/caches,/mnt/data/shared/npa-multilingual/downloads/conceptual12m/caches,BAAI/bge-m3,nvidia/C-RADIOv4-H
/mnt/data/shared/npa-multilingual/outputs/c-radio-v4-h_bge-m3_k800_p8,c-radio-v4-h_bge-m3_k800_p8,ok,bge-m3,bge-m3,c-radio-v4-h,c-radio-v4-h,800,8,asif,float32,1600000,100000,"1,5,10,25,50",,,False,0,0.15187374461979913,0.3464600669536107,0.45096126255380203,0.5893103778096604,0.691714968914395,261375,/mnt/data/shared/npa-multilingual/downloads/xm3600/caches,/mnt/data/shared/npa-multilingual/downloads/conceptual12m/caches,BAAI/bge-m3,nvidia/C-RADIOv4-H
/mnt/data/shared/npa-multilingual/outputs/c-radio-v4-h_bge-m3_k1200_p2,c-radio-v4-h_bge-m3_k1200_p2,ok,bge-m3,bge-m3,c-radio-v4-h,c-radio-v4-h,1200,2,asif,float32,1600000,100000,"1,5,10,25,50",,,False,0,0.14509421329507413,0.34938307030129123,0.4620679100908656,0.6136164514586322,0.7251841224294596,261375,/mnt/data/shared/npa-multilingual/downloads/xm3600/caches,/mnt/data/shared/npa-multilingual/downloads/conceptual12m/caches,BAAI/bge-m3,nvidia/C-RADIOv4-H
/mnt/data/shared/npa-multilingual/outputs/c-radio-v4-h_bge-m3_k1200_p4,c-radio-v4-h_bge-m3_k1200_p4,ok,bge-m3,bge-m3,c-radio-v4-h,c-radio-v4-h,1200,4,asif,float32,1600000,100000,"1,5,10,25,50",,,False,0,0.15032807269249163,0.3540583452893352,0.46474605451936873,0.6146647537063606,0.7243079866092779,261375,/mnt/data/shared/npa-multilingual/downloads/xm3600/caches,/mnt/data/shared/npa-multilingual/downloads/conceptual12m/caches,BAAI/bge-m3,nvidia/C-RADIOv4-H
/mnt/data/shared/npa-multilingual/outputs/c-radio-v4-h_bge-m3_k1200_p8,c-radio-v4-h_bge-m3_k1200_p8,ok,bge-m3,bge-m3,c-radio-v4-h,c-radio-v4-h,1200,8,asif,float32,1600000,100000,"1,5,10,25,50",,,False,0,0.15053849832615973,0.3464179818268771,0.4503605930176949,0.5921951219512195,0.6982802486848398,261375,/mnt/data/shared/npa-multilingual/downloads/xm3600/caches,/mnt/data/shared/npa-multilingual/downloads/conceptual12m/caches,BAAI/bge-m3,nvidia/C-RADIOv4-H
/mnt/data/shared/npa-multilingual/outputs/c-radio-v4-h_bge-m3_k1600_p2,c-radio-v4-h_bge-m3_k1600_p2,ok,bge-m3,bge-m3,c-radio-v4-h,c-radio-v4-h,1600,2,asif,float32,1600000,100000,"1,5,10,25,50",,,False,0,0.1442180774748924,0.34706073648971786,0.4602544237207078,0.6137044476327116,0.7260602582496413,261375,/mnt/data/shared/npa-multilingual/downloads/xm3600/caches,/mnt/data/shared/npa-multilingual/downloads/conceptual12m/caches,BAAI/bge-m3,nvidia/C-RADIOv4-H
/mnt/data/shared/npa-multilingual/outputs/c-radio-v4-h_bge-m3_k1600_p4,c-radio-v4-h_bge-m3_k1600_p4,ok,bge-m3,bge-m3,c-radio-v4-h,c-radio-v4-h,1600,4,asif,float32,1600000,100000,"1,5,10,25,50",,,False,0,0.14909995217599234,0.3523787661406026,0.4632501195600191,0.6148866571018652,0.7255667144906743,261375,/mnt/data/shared/npa-multilingual/downloads/xm3600/caches,/mnt/data/shared/npa-multilingual/downloads/conceptual12m/caches,BAAI/bge-m3,nvidia/C-RADIOv4-H
/mnt/data/shared/npa-multilingual/outputs/c-radio-v4-h_bge-m3_k1600_p8,c-radio-v4-h_bge-m3_k1600_p8,ok,bge-m3,bge-m3,c-radio-v4-h,c-radio-v4-h,1600,8,asif,float32,1600000,100000,"1,5,10,25,50",,,False,0,0.14945576279292205,0.34403060736489716,0.4486197991391679,0.5918087039693927,0.6995274988043998,261375,/mnt/data/shared/npa-multilingual/downloads/xm3600/caches,/mnt/data/shared/npa-multilingual/downloads/conceptual12m/caches,BAAI/bge-m3,nvidia/C-RADIOv4-H
/mnt/data/shared/npa-multilingual/outputs/clip-vit-bigg14_bge-m3_k200_p2,clip-vit-bigg14_bge-m3_k200_p2,ok,bge-m3,bge-m3,clip-vit-bigg14,clip-vit-bigg14,200,2,asif,float32,1600000,100000,"1,5,10,25,50",,,False,0,0.13283978957436632,0.30990339550454327,0.3985423242467719,0.5173371592539455,0.6022381635581062,261375,/mnt/data/shared/npa-multilingual/downloads/xm3600/caches,/mnt/data/shared/npa-multilingual/downloads/conceptual12m/caches,BAAI/bge-m3,CLIPImageEncoder(largest/latest)
/mnt/data/shared/npa-multilingual/outputs/clip-vit-bigg14_bge-m3_k200_p4,clip-vit-bigg14_bge-m3_k200_p4,ok,bge-m3,bge-m3,clip-vit-bigg14,clip-vit-bigg14,200,4,asif,float32,1600000,100000,"1,5,10,25,50",,,False,0,0.1352080344332855,0.3108407460545194,0.39882926829268295,0.5162773792443807,0.6015762792922047,261375,/mnt/data/shared/npa-multilingual/downloads/xm3600/caches,/mnt/data/shared/npa-multilingual/downloads/conceptual12m/caches,BAAI/bge-m3,CLIPImageEncoder(largest/latest)
/mnt/data/shared/npa-multilingual/outputs/clip-vit-bigg14_bge-m3_k200_p8,clip-vit-bigg14_bge-m3_k200_p8,ok,bge-m3,bge-m3,clip-vit-bigg14,clip-vit-bigg14,200,8,asif,float32,1600000,100000,"1,5,10,25,50",,,False,0,0.12817981826877092,0.2943395504543281,0.3808474414155906,0.5016814921090388,0.5929832615973218,261375,/mnt/data/shared/npa-multilingual/downloads/xm3600/caches,/mnt/data/shared/npa-multilingual/downloads/conceptual12m/caches,BAAI/bge-m3,CLIPImageEncoder(largest/latest)
/mnt/data/shared/npa-multilingual/outputs/clip-vit-bigg14_bge-m3_k400_p2,clip-vit-bigg14_bge-m3_k400_p2,ok,bge-m3,bge-m3,clip-vit-bigg14,clip-vit-bigg14,400,2,asif,float32,1600000,100000,"1,5,10,25,50",,,False,0,0.13822285987565758,0.3336164514586322,0.43760879961740795,0.5775456719273075,0.6770157819225251,261375,/mnt/data/shared/npa-multilingual/downloads/xm3600/caches,/mnt/data/shared/npa-multilingual/downloads/conceptual12m/caches,BAAI/bge-m3,CLIPImageEncoder(largest/latest)
/mnt/data/shared/npa-multilingual/outputs/clip-vit-bigg14_bge-m3_k400_p4,clip-vit-bigg14_bge-m3_k400_p4,ok,bge-m3,bge-m3,clip-vit-bigg14,clip-vit-bigg14,400,4,asif,float32,1600000,100000,"1,5,10,25,50",,,False,0,0.14269918699186993,0.3377905308464849,0.4411669057867049,0.5784830224772836,0.6770616929698708,261375,/mnt/data/shared/npa-multilingual/downloads/xm3600/caches,/mnt/data/shared/npa-multilingual/downloads/conceptual12m/caches,BAAI/bge-m3,CLIPImageEncoder(largest/latest)
/mnt/data/shared/npa-multilingual/outputs/clip-vit-bigg14_bge-m3_k400_p8,clip-vit-bigg14_bge-m3_k400_p8,ok,bge-m3,bge-m3,clip-vit-bigg14,clip-vit-bigg14,400,8,asif,float32,1600000,100000,"1,5,10,25,50",,,False,0,0.14030033476805356,0.32556288857006216,0.42515925394548065,0.561534194165471,0.6618383548541368,261375,/mnt/data/shared/npa-multilingual/downloads/xm3600/caches,/mnt/data/shared/npa-multilingual/downloads/conceptual12m/caches,BAAI/bge-m3,CLIPImageEncoder(largest/latest)
/mnt/data/shared/npa-multilingual/outputs/clip-vit-bigg14_bge-m3_k800_p2,clip-vit-bigg14_bge-m3_k800_p2,ok,bge-m3,bge-m3,clip-vit-bigg14,clip-vit-bigg14,800,2,asif,float32,1600000,100000,"1,5,10,25,50",,,False,0,0.13881205164992827,0.3390492587278814,0.45098039215686275,0.6027049258727881,0.7109210903873745,261375,/mnt/data/shared/npa-multilingual/downloads/xm3600/caches,/mnt/data/shared/npa-multilingual/downloads/conceptual12m/caches,BAAI/bge-m3,CLIPImageEncoder(largest/latest)
/mnt/data/shared/npa-multilingual/outputs/clip-vit-bigg14_bge-m3_k800_p4,clip-vit-bigg14_bge-m3_k800_p4,ok,bge-m3,bge-m3,clip-vit-bigg14,clip-vit-bigg14,800,4,asif,float32,1600000,100000,"1,5,10,25,50",,,False,0,0.1445662362505978,0.3462917264466762,0.4562295552367288,0.6070435198469631,0.7134691535150646,261375,/mnt/data/shared/npa-multilingual/downloads/xm3600/caches,/mnt/data/shared/npa-multilingual/downloads/conceptual12m/caches,BAAI/bge-m3,CLIPImageEncoder(largest/latest)
/mnt/data/shared/npa-multilingual/outputs/clip-vit-bigg14_bge-m3_k800_p8,clip-vit-bigg14_bge-m3_k800_p8,ok,bge-m3,bge-m3,clip-vit-bigg14,clip-vit-bigg14,800,8,asif,float32,1600000,100000,"1,5,10,25,50",,,False,0,0.14771114299378288,0.3434643711142994,0.4497714012434242,0.5969583931133429,0.702676231468197,261375,/mnt/data/shared/npa-multilingual/downloads/xm3600/caches,/mnt/data/shared/npa-multilingual/downloads/conceptual12m/caches,BAAI/bge-m3,CLIPImageEncoder(largest/latest)
/mnt/data/shared/npa-multilingual/outputs/clip-vit-bigg14_bge-m3_k1200_p2,clip-vit-bigg14_bge-m3_k1200_p2,ok,bge-m3,bge-m3,clip-vit-bigg14,clip-vit-bigg14,1200,2,asif,float32,1600000,100000,"1,5,10,25,50",,,False,0,0.13525011956001912,0.3346800573888092,0.4487498804399809,0.6044342419894787,0.7156154949784792,261375,/mnt/data/shared/npa-multilingual/downloads/xm3600/caches,/mnt/data/shared/npa-multilingual/downloads/conceptual12m/caches,BAAI/bge-m3,CLIPImageEncoder(largest/latest)
/mnt/data/shared/npa-multilingual/outputs/clip-vit-bigg14_bge-m3_k1200_p4,clip-vit-bigg14_bge-m3_k1200_p4,ok,bge-m3,bge-m3,clip-vit-bigg14,clip-vit-bigg14,1200,4,asif,float32,1600000,100000,"1,5,10,25,50",,,False,0,0.14154758488761357,0.343169775227164,0.4561530368244859,0.6103261597321855,0.7202104256336681,261375,/mnt/data/shared/npa-multilingual/downloads/xm3600/caches,/mnt/data/shared/npa-multilingual/downloads/conceptual12m/caches,BAAI/bge-m3,CLIPImageEncoder(largest/latest)
/mnt/data/shared/npa-multilingual/outputs/clip-vit-bigg14_bge-m3_k1200_p8,clip-vit-bigg14_bge-m3_k1200_p8,ok,bge-m3,bge-m3,clip-vit-bigg14,clip-vit-bigg14,1200,8,asif,float32,1600000,100000,"1,5,10,25,50",,,False,0,0.14846867527498805,0.3467240554758489,0.4553687230989957,0.6057503586800574,0.7134232424677188,261375,/mnt/data/shared/npa-multilingual/downloads/xm3600/caches,/mnt/data/shared/npa-multilingual/downloads/conceptual12m/caches,BAAI/bge-m3,CLIPImageEncoder(largest/latest)
/mnt/data/shared/npa-multilingual/outputs/clip-vit-bigg14_bge-m3_k1600_p2,clip-vit-bigg14_bge-m3_k1600_p2,ok,bge-m3,bge-m3,clip-vit-bigg14,clip-vit-bigg14,1600,2,asif,float32,1600000,100000,"1,5,10,25,50",,,False,0,0.13207843137254902,0.3301922525107604,0.4452032520325203,0.6017905308464849,0.7149536107125777,261375,/mnt/data/shared/npa-multilingual/downloads/xm3600/caches,/mnt/data/shared/npa-multilingual/downloads/conceptual12m/caches,BAAI/bge-m3,CLIPImageEncoder(largest/latest)
/mnt/data/shared/npa-multilingual/outputs/clip-vit-bigg14_bge-m3_k1600_p4,clip-vit-bigg14_bge-m3_k1600_p4,ok,bge-m3,bge-m3,clip-vit-bigg14,clip-vit-bigg14,1600,4,asif,float32,1600000,100000,"1,5,10,25,50",,,False,0,0.13857484457197514,0.340415112386418,0.4540028694404591,0.6091209947393592,0.7202410329985652,261375,/mnt/data/shared/npa-multilingual/downloads/xm3600/caches,/mnt/data/shared/npa-multilingual/downloads/conceptual12m/caches,BAAI/bge-m3,CLIPImageEncoder(largest/latest)
/mnt/data/shared/npa-multilingual/outputs/clip-vit-bigg14_bge-m3_k1600_p8,clip-vit-bigg14_bge-m3_k1600_p8,ok,bge-m3,bge-m3,clip-vit-bigg14,clip-vit-bigg14,1600,8,asif,float32,1600000,100000,"1,5,10,25,50",,,False,0,0.14774175035868006,0.34689622190339553,0.4562180774748924,0.6080612147297944,0.716441893830703,261375,/mnt/data/shared/npa-multilingual/downloads/xm3600/caches,/mnt/data/shared/npa-multilingual/downloads/conceptual12m/caches,BAAI/bge-m3,CLIPImageEncoder(largest/latest)
/mnt/data/shared/npa-multilingual/outputs/dinov3-vit7b16_bge-m3_k200_p2,dinov3-vit7b16_bge-m3_k200_p2,ok,bge-m3,bge-m3,dinov3-vit7b16,dinov3-vit7b16,200,2,asif,float32,1600000,100000,"1,5,10,25,50",,,False,0,0.11573409851745577,0.26562984218077473,0.3423969392635103,0.44835963653754185,0.5317226207556193,261375,/mnt/data/shared/npa-multilingual/downloads/xm3600/caches,/mnt/data/shared/npa-multilingual/downloads/conceptual12m/caches,BAAI/bge-m3,facebook/dinov3-vit7b16-pretrain-lvd1689m
/mnt/data/shared/npa-multilingual/outputs/dinov3-vit7b16_bge-m3_k200_p4,dinov3-vit7b16_bge-m3_k200_p4,ok,bge-m3,bge-m3,dinov3-vit7b16,dinov3-vit7b16,200,4,asif,float32,1600000,100000,"1,5,10,25,50",,,False,0,0.10758871353419416,0.2479655667144907,0.3209717838354854,0.4269459588713534,0.5150263032042085,261375,/mnt/data/shared/npa-multilingual/downloads/xm3600/caches,/mnt/data/shared/npa-multilingual/downloads/conceptual12m/caches,BAAI/bge-m3,facebook/dinov3-vit7b16-pretrain-lvd1689m
/mnt/data/shared/npa-multilingual/outputs/dinov3-vit7b16_bge-m3_k200_p8,dinov3-vit7b16_bge-m3_k200_p8,ok,bge-m3,bge-m3,dinov3-vit7b16,dinov3-vit7b16,200,8,asif,float32,1600000,100000,"1,5,10,25,50",,,False,0,0.08826398852223816,0.2149631755141081,0.28594165471066474,0.39659875657580107,0.4939607843137255,261375,/mnt/data/shared/npa-multilingual/downloads/xm3600/caches,/mnt/data/shared/npa-multilingual/downloads/conceptual12m/caches,BAAI/bge-m3,facebook/dinov3-vit7b16-pretrain-lvd1689m
/mnt/data/shared/npa-multilingual/outputs/dinov3-vit7b16_bge-m3_k400_p2,dinov3-vit7b16_bge-m3_k400_p2,ok,bge-m3,bge-m3,dinov3-vit7b16,dinov3-vit7b16,400,2,asif,float32,1600000,100000,"1,5,10,25,50",,,False,0,0.12268962219033955,0.2879005260640842,0.3771554280248685,0.5009124820659971,0.5953438546150167,261375,/mnt/data/shared/npa-multilingual/downloads/xm3600/caches,/mnt/data/shared/npa-multilingual/downloads/conceptual12m/caches,BAAI/bge-m3,facebook/dinov3-vit7b16-pretrain-lvd1689m
/mnt/data/shared/npa-multilingual/outputs/dinov3-vit7b16_bge-m3_k400_p4,dinov3-vit7b16_bge-m3_k400_p4,ok,bge-m3,bge-m3,dinov3-vit7b16,dinov3-vit7b16,400,4,asif,float32,1600000,100000,"1,5,10,25,50",,,False,0,0.11551602104256337,0.26806312769010043,0.34952845528455284,0.4655533237685318,0.5590167384026782,261375,/mnt/data/shared/npa-multilingual/downloads/xm3600/caches,/mnt/data/shared/npa-multilingual/downloads/conceptual12m/caches,BAAI/bge-m3,facebook/dinov3-vit7b16-pretrain-lvd1689m
/mnt/data/shared/npa-multilingual/outputs/dinov3-vit7b16_bge-m3_k400_p8,dinov3-vit7b16_bge-m3_k400_p8,ok,bge-m3,bge-m3,dinov3-vit7b16,dinov3-vit7b16,400,8,asif,float32,1600000,100000,"1,5,10,25,50",,,False,0,0.09457293161166906,0.22502917264466762,0.29839885222381635,0.4110989956958393,0.5094366331898613,261375,/mnt/data/shared/npa-multilingual/downloads/xm3600/caches,/mnt/data/shared/npa-multilingual/downloads/conceptual12m/caches,BAAI/bge-m3,facebook/dinov3-vit7b16-pretrain-lvd1689m
/mnt/data/shared/npa-multilingual/outputs/dinov3-vit7b16_bge-m3_k800_p2,dinov3-vit7b16_bge-m3_k800_p2,ok,bge-m3,bge-m3,dinov3-vit7b16,dinov3-vit7b16,800,2,asif,float32,1600000,100000,"1,5,10,25,50",,,False,0,0.12335150645624103,0.29415973218555713,0.38931037780966044,0.5276518412242946,0.6332702056432329,261375,/mnt/data/shared/npa-multilingual/downloads/xm3600/caches,/mnt/data/shared/npa-multilingual/downloads/conceptual12m/caches,BAAI/bge-m3,facebook/dinov3-vit7b16-pretrain-lvd1689m
/mnt/data/shared/npa-multilingual/outputs/dinov3-vit7b16_bge-m3_k800_p4,dinov3-vit7b16_bge-m3_k800_p4,ok,bge-m3,bge-m3,dinov3-vit7b16,dinov3-vit7b16,800,4,asif,float32,1600000,100000,"1,5,10,25,50",,,False,0,0.11675944524151124,0.276181731229077,0.36368436154949785,0.48864275466284074,0.5864485891917742,261375,/mnt/data/shared/npa-multilingual/downloads/xm3600/caches,/mnt/data/shared/npa-multilingual/downloads/conceptual12m/caches,BAAI/bge-m3,facebook/dinov3-vit7b16-pretrain-lvd1689m
/mnt/data/shared/npa-multilingual/outputs/dinov3-vit7b16_bge-m3_k800_p8,dinov3-vit7b16_bge-m3_k800_p8,ok,bge-m3,bge-m3,dinov3-vit7b16,dinov3-vit7b16,800,8,asif,float32,1600000,100000,"1,5,10,25,50",,,False,0,0.09893065518890483,0.23402773792443807,0.3085145863223338,0.420208512673362,0.5188101386896222,261375,/mnt/data/shared/npa-multilingual/downloads/xm3600/caches,/mnt/data/shared/npa-multilingual/downloads/conceptual12m/caches,BAAI/bge-m3,facebook/dinov3-vit7b16-pretrain-lvd1689m
/mnt/data/shared/npa-multilingual/outputs/dinov3-vit7b16_bge-m3_k1200_p2,dinov3-vit7b16_bge-m3_k1200_p2,ok,bge-m3,bge-m3,dinov3-vit7b16,dinov3-vit7b16,1200,2,asif,float32,1600000,100000,"1,5,10,25,50",,,False,0,0.12050884744141559,0.29218555714968913,0.3886905786704926,0.531194643711143,0.6415456719273075,261375,/mnt/data/shared/npa-multilingual/downloads/xm3600/caches,/mnt/data/shared/npa-multilingual/downloads/conceptual12m/caches,BAAI/bge-m3,facebook/dinov3-vit7b16-pretrain-lvd1689m
/mnt/data/shared/npa-multilingual/outputs/dinov3-vit7b16_bge-m3_k1200_p4,dinov3-vit7b16_bge-m3_k1200_p4,ok,bge-m3,bge-m3,dinov3-vit7b16,dinov3-vit7b16,1200,4,asif,float32,1600000,100000,"1,5,10,25,50",,,False,0,0.11481970349115256,0.2758106169296987,0.36463701578192254,0.49317647058823527,0.5940392156862745,261375,/mnt/data/shared/npa-multilingual/downloads/xm3600/caches,/mnt/data/shared/npa-multilingual/downloads/conceptual12m/caches,BAAI/bge-m3,facebook/dinov3-vit7b16-pretrain-lvd1689m
/mnt/data/shared/npa-multilingual/outputs/dinov3-vit7b16_bge-m3_k1200_p8,dinov3-vit7b16_bge-m3_k1200_p8,ok,bge-m3,bge-m3,dinov3-vit7b16,dinov3-vit7b16,1200,8,asif,float32,1600000,100000,"1,5,10,25,50",,,False,0,0.1005949306551889,0.23841224294595886,0.31279961740793877,0.4246044954567193,0.5222764227642276,261375,/mnt/data/shared/npa-multilingual/downloads/xm3600/caches,/mnt/data/shared/npa-multilingual/downloads/conceptual12m/caches,BAAI/bge-m3,facebook/dinov3-vit7b16-pretrain-lvd1689m
/mnt/data/shared/npa-multilingual/outputs/dinov3-vit7b16_bge-m3_k1600_p2,dinov3-vit7b16_bge-m3_k1600_p2,ok,bge-m3,bge-m3,dinov3-vit7b16,dinov3-vit7b16,1600,2,asif,float32,1600000,100000,"1,5,10,25,50",,,False,0,0.11816738402678144,0.28895265423242467,0.38531229076996654,0.5303146819703491,0.6431372549019608,261375,/mnt/data/shared/npa-multilingual/downloads/xm3600/caches,/mnt/data/shared/npa-multilingual/downloads/conceptual12m/caches,BAAI/bge-m3,facebook/dinov3-vit7b16-pretrain-lvd1689m
/mnt/data/shared/npa-multilingual/outputs/dinov3-vit7b16_bge-m3_k1600_p4,dinov3-vit7b16_bge-m3_k1600_p4,ok,bge-m3,bge-m3,dinov3-vit7b16,dinov3-vit7b16,1600,4,asif,float32,1600000,100000,"1,5,10,25,50",,,False,0,0.11253945480631276,0.2726695361071258,0.3628809182209469,0.4935475848876136,0.5965758010521282,261375,/mnt/data/shared/npa-multilingual/downloads/xm3600/caches,/mnt/data/shared/npa-multilingual/downloads/conceptual12m/caches,BAAI/bge-m3,facebook/dinov3-vit7b16-pretrain-lvd1689m
/mnt/data/shared/npa-multilingual/outputs/dinov3-vit7b16_bge-m3_k1600_p8,dinov3-vit7b16_bge-m3_k1600_p8,ok,bge-m3,bge-m3,dinov3-vit7b16,dinov3-vit7b16,1600,8,asif,float32,1600000,100000,"1,5,10,25,50",,,False,0,0.10140985174557628,0.24063510282161646,0.3159177427068388,0.4268847441415591,0.525142037302726,261375,/mnt/data/shared/npa-multilingual/downloads/xm3600/caches,/mnt/data/shared/npa-multilingual/downloads/conceptual12m/caches,BAAI/bge-m3,facebook/dinov3-vit7b16-pretrain-lvd1689m
/mnt/data/shared/npa-multilingual/outputs/c-radio-v4-h_nllb-200-3.3B_k200_p2,c-radio-v4-h_nllb-200-3.3B_k200_p2,ok,nllb-200-3.3B,nllb-200-3.3B,c-radio-v4-h,c-radio-v4-h,200,2,asif,float32,1600000,100000,"1,5,10,25,50",,,False,0,0.04758297465327595,0.11519846963175515,0.1522754662840746,0.2074988043998087,0.2539952175992348,261375,/mnt/data/shared/npa-multilingual/downloads/xm3600/caches,/mnt/data/shared/npa-multilingual/downloads/conceptual12m/caches,facebook/nllb-200-3.3B,nvidia/C-RADIOv4-H
/mnt/data/shared/npa-multilingual/outputs/c-radio-v4-h_nllb-200-3.3B_k200_p4,c-radio-v4-h_nllb-200-3.3B_k200_p4,ok,nllb-200-3.3B,nllb-200-3.3B,c-radio-v4-h,c-radio-v4-h,200,4,asif,float32,1600000,100000,"1,5,10,25,50",,,False,0,0.04787374461979914,0.11453275944524151,0.15156001912960307,0.20633189861310378,0.25375801052128166,261375,/mnt/data/shared/npa-multilingual/downloads/xm3600/caches,/mnt/data/shared/npa-multilingual/downloads/conceptual12m/caches,facebook/nllb-200-3.3B,nvidia/C-RADIOv4-H
/mnt/data/shared/npa-multilingual/outputs/c-radio-v4-h_nllb-200-3.3B_k200_p8,c-radio-v4-h_nllb-200-3.3B_k200_p8,ok,nllb-200-3.3B,nllb-200-3.3B,c-radio-v4-h,c-radio-v4-h,200,8,asif,float32,1600000,100000,"1,5,10,25,50",,,False,0,0.04508847441415591,0.10795217599234816,0.14410329985652798,0.19972835963653754,0.2500889526542324,261375,/mnt/data/shared/npa-multilingual/downloads/xm3600/caches,/mnt/data/shared/npa-multilingual/downloads/conceptual12m/caches,facebook/nllb-200-3.3B,nvidia/C-RADIOv4-H
/mnt/data/shared/npa-multilingual/outputs/c-radio-v4-h_nllb-200-3.3B_k400_p2,c-radio-v4-h_nllb-200-3.3B_k400_p2,ok,nllb-200-3.3B,nllb-200-3.3B,c-radio-v4-h,c-radio-v4-h,400,2,asif,float32,1600000,100000,"1,5,10,25,50",,,False,0,0.05219703491152559,0.13259875657580106,0.17881205164992828,0.24799234815877572,0.30573314203730273,261375,/mnt/data/shared/npa-multilingual/downloads/xm3600/caches,/mnt/data/shared/npa-multilingual/downloads/conceptual12m/caches,facebook/nllb-200-3.3B,nvidia/C-RADIOv4-H
/mnt/data/shared/npa-multilingual/outputs/c-radio-v4-h_nllb-200-3.3B_k400_p4,c-radio-v4-h_nllb-200-3.3B_k400_p4,ok,nllb-200-3.3B,nllb-200-3.3B,c-radio-v4-h,c-radio-v4-h,400,4,asif,float32,1600000,100000,"1,5,10,25,50",,,False,0,0.053497847919655665,0.13241128646580583,0.1776413199426112,0.24521472979435677,0.30332663797226206,261375,/mnt/data/shared/npa-multilingual/downloads/xm3600/caches,/mnt/data/shared/npa-multilingual/downloads/conceptual12m/caches,facebook/nllb-200-3.3B,nvidia/C-RADIOv4-H
/mnt/data/shared/npa-multilingual/outputs/c-radio-v4-h_nllb-200-3.3B_k400_p8,c-radio-v4-h_nllb-200-3.3B_k400_p8,ok,nllb-200-3.3B,nllb-200-3.3B,c-radio-v4-h,c-radio-v4-h,400,8,asif,float32,1600000,100000,"1,5,10,25,50",,,False,0,0.05063605930176949,0.12385270205643233,0.1663739837398374,0.231142993782879,0.2890750836920134,261375,/mnt/data/shared/npa-multilingual/downloads/xm3600/caches,/mnt/data/shared/npa-multilingual/downloads/conceptual12m/caches,facebook/nllb-200-3.3B,nvidia/C-RADIOv4-H
/mnt/data/shared/npa-multilingual/outputs/c-radio-v4-h_nllb-200-3.3B_k800_p2,c-radio-v4-h_nllb-200-3.3B_k800_p2,ok,nllb-200-3.3B,nllb-200-3.3B,c-radio-v4-h,c-radio-v4-h,800,2,asif,float32,1600000,100000,"1,5,10,25,50",,,False,0,0.05381539933046389,0.14147106647537064,0.19503778096604496,0.27696221903395507,0.3481472979435677,261375,/mnt/data/shared/npa-multilingual/downloads/xm3600/caches,/mnt/data/shared/npa-multilingual/downloads/conceptual12m/caches,facebook/nllb-200-3.3B,nvidia/C-RADIOv4-H
/mnt/data/shared/npa-multilingual/outputs/c-radio-v4-h_nllb-200-3.3B_k800_p4,c-radio-v4-h_nllb-200-3.3B_k800_p4,ok,nllb-200-3.3B,nllb-200-3.3B,c-radio-v4-h,c-radio-v4-h,800,4,asif,float32,1600000,100000,"1,5,10,25,50",,,False,0,0.05567097082735533,0.14277570540411286,0.19508369201339074,0.2751219512195122,0.3455150645624103,261375,/mnt/data/shared/npa-multilingual/downloads/xm3600/caches,/mnt/data/shared/npa-multilingual/downloads/conceptual12m/caches,facebook/nllb-200-3.3B,nvidia/C-RADIOv4-H
/mnt/data/shared/npa-multilingual/outputs/c-radio-v4-h_nllb-200-3.3B_k800_p8,c-radio-v4-h_nllb-200-3.3B_k800_p8,ok,nllb-200-3.3B,nllb-200-3.3B,c-radio-v4-h,c-radio-v4-h,800,8,asif,float32,1600000,100000,"1,5,10,25,50",,,False,0,0.053715925394548066,0.1357513151602104,0.18388139646102344,0.257740793878527,0.3232290769966523,261375,/mnt/data/shared/npa-multilingual/downloads/xm3600/caches,/mnt/data/shared/npa-multilingual/downloads/conceptual12m/caches,facebook/nllb-200-3.3B,nvidia/C-RADIOv4-H
/mnt/data/shared/npa-multilingual/outputs/c-radio-v4-h_nllb-200-3.3B_k1200_p2,c-radio-v4-h_nllb-200-3.3B_k1200_p2,ok,nllb-200-3.3B,nllb-200-3.3B,c-radio-v4-h,c-radio-v4-h,1200,2,asif,float32,1600000,100000,"1,5,10,25,50",,,False,0,0.05414442850310856,0.14365566714490674,0.1992309899569584,0.288130081300813,0.3649048302247728,261375,/mnt/data/shared/npa-multilingual/downloads/xm3600/caches,/mnt/data/shared/npa-multilingual/downloads/conceptual12m/caches,facebook/nllb-200-3.3B,nvidia/C-RADIOv4-H
/mnt/data/shared/npa-multilingual/outputs/c-radio-v4-h_nllb-200-3.3B_k1200_p4,c-radio-v4-h_nllb-200-3.3B_k1200_p4,ok,nllb-200-3.3B,nllb-200-3.3B,c-radio-v4-h,c-radio-v4-h,1200,4,asif,float32,1600000,100000,"1,5,10,25,50",,,False,0,0.05646676231468197,0.14622285987565758,0.20132376853180298,0.28737254901960785,0.36303012912482063,261375,/mnt/data/shared/npa-multilingual/downloads/xm3600/caches,/mnt/data/shared/npa-multilingual/downloads/conceptual12m/caches,facebook/nllb-200-3.3B,nvidia/C-RADIOv4-H
/mnt/data/shared/npa-multilingual/outputs/c-radio-v4-h_nllb-200-3.3B_k1200_p8,c-radio-v4-h_nllb-200-3.3B_k1200_p8,ok,nllb-200-3.3B,nllb-200-3.3B,c-radio-v4-h,c-radio-v4-h,1200,8,asif,float32,1600000,100000,"1,5,10,25,50",,,False,0,0.05478335724533716,0.1402467718794835,0.19120420851267336,0.2703089430894309,0.339584887613582,261375,/mnt/data/shared/npa-multilingual/downloads/xm3600/caches,/mnt/data/shared/npa-multilingual/downloads/conceptual12m/caches,facebook/nllb-200-3.3B,nvidia/C-RADIOv4-H
/mnt/data/shared/npa-multilingual/outputs/c-radio-v4-h_nllb-200-3.3B_k1600_p2,c-radio-v4-h_nllb-200-3.3B_k1600_p2,ok,nllb-200-3.3B,nllb-200-3.3B,c-radio-v4-h,c-radio-v4-h,1600,2,asif,float32,1600000,100000,"1,5,10,25,50",,,False,0,0.053256814921090384,0.14369775227164036,0.20216929698708752,0.29310760401721664,0.3724342419894787,261375,/mnt/data/shared/npa-multilingual/downloads/xm3600/caches,/mnt/data/shared/npa-multilingual/downloads/conceptual12m/caches,facebook/nllb-200-3.3B,nvidia/C-RADIOv4-H
/mnt/data/shared/npa-multilingual/outputs/c-radio-v4-h_nllb-200-3.3B_k1600_p4,c-radio-v4-h_nllb-200-3.3B_k1600_p4,ok,nllb-200-3.3B,nllb-200-3.3B,c-radio-v4-h,c-radio-v4-h,1600,4,asif,float32,1600000,100000,"1,5,10,25,50",,,False,0,0.056172166427546626,0.1468885700621712,0.2037761836441894,0.29357054041128644,0.37127116212338596,261375,/mnt/data/shared/npa-multilingual/downloads/xm3600/caches,/mnt/data/shared/npa-multilingual/downloads/conceptual12m/caches,facebook/nllb-200-3.3B,nvidia/C-RADIOv4-H
/mnt/data/shared/npa-multilingual/outputs/c-radio-v4-h_nllb-200-3.3B_k1600_p8,c-radio-v4-h_nllb-200-3.3B_k1600_p8,ok,nllb-200-3.3B,nllb-200-3.3B,c-radio-v4-h,c-radio-v4-h,1600,8,asif,float32,1600000,100000,"1,5,10,25,50",,,False,0,0.05518507890961263,0.14191104734576757,0.19450980392156864,0.2769928263988522,0.34894691535150646,261375,/mnt/data/shared/npa-multilingual/downloads/xm3600/caches,/mnt/data/shared/npa-multilingual/downloads/conceptual12m/caches,facebook/nllb-200-3.3B,nvidia/C-RADIOv4-H
/mnt/data/shared/npa-multilingual/outputs/clip-vit-bigg14_nllb-200-3.3B_k200_p2,clip-vit-bigg14_nllb-200-3.3B_k200_p2,ok,nllb-200-3.3B,nllb-200-3.3B,clip-vit-bigg14,clip-vit-bigg14,200,2,asif,float32,1600000,100000,"1,5,10,25,50",,,False,0,0.0428388330942133,0.10537350549976088,0.13971879483500718,0.19279579148732665,0.23856145384983263,261375,/mnt/data/shared/npa-multilingual/downloads/xm3600/caches,/mnt/data/shared/npa-multilingual/downloads/conceptual12m/caches,facebook/nllb-200-3.3B,CLIPImageEncoder(largest/latest)
/mnt/data/shared/npa-multilingual/outputs/clip-vit-bigg14_nllb-200-3.3B_k200_p4,clip-vit-bigg14_nllb-200-3.3B_k200_p4,ok,nllb-200-3.3B,nllb-200-3.3B,clip-vit-bigg14,clip-vit-bigg14,200,4,asif,float32,1600000,100000,"1,5,10,25,50",,,False,0,0.04312577714012434,0.10462362505978001,0.13894978479196557,0.19181252989000477,0.23812529890004783,261375,/mnt/data/shared/npa-multilingual/downloads/xm3600/caches,/mnt/data/shared/npa-multilingual/downloads/conceptual12m/caches,facebook/nllb-200-3.3B,CLIPImageEncoder(largest/latest)
/mnt/data/shared/npa-multilingual/outputs/clip-vit-bigg14_nllb-200-3.3B_k200_p8,clip-vit-bigg14_nllb-200-3.3B_k200_p8,ok,nllb-200-3.3B,nllb-200-3.3B,clip-vit-bigg14,clip-vit-bigg14,200,8,asif,float32,1600000,100000,"1,5,10,25,50",,,False,0,0.03864179818268771,0.09672309899569584,0.13171496891439502,0.18674701099952176,0.23614347202295552,261375,/mnt/data/shared/npa-multilingual/downloads/xm3600/caches,/mnt/data/shared/npa-multilingual/downloads/conceptual12m/caches,facebook/nllb-200-3.3B,CLIPImageEncoder(largest/latest)
/mnt/data/shared/npa-multilingual/outputs/clip-vit-bigg14_nllb-200-3.3B_k400_p2,clip-vit-bigg14_nllb-200-3.3B_k400_p2,ok,nllb-200-3.3B,nllb-200-3.3B,clip-vit-bigg14,clip-vit-bigg14,400,2,asif,float32,1600000,100000,"1,5,10,25,50",,,False,0,0.04741846006695361,0.12231468197034912,0.16664562410329986,0.2330674318507891,0.2893199426111908,261375,/mnt/data/shared/npa-multilingual/downloads/xm3600/caches,/mnt/data/shared/npa-multilingual/downloads/conceptual12m/caches,facebook/nllb-200-3.3B,CLIPImageEncoder(largest/latest)
/mnt/data/shared/npa-multilingual/outputs/clip-vit-bigg14_nllb-200-3.3B_k400_p4,clip-vit-bigg14_nllb-200-3.3B_k400_p4,ok,nllb-200-3.3B,nllb-200-3.3B,clip-vit-bigg14,clip-vit-bigg14,400,4,asif,float32,1600000,100000,"1,5,10,25,50",,,False,0,0.04882639885222382,0.12263605930176949,0.16570062171209948,0.23179340028694403,0.288,261375,/mnt/data/shared/npa-multilingual/downloads/xm3600/caches,/mnt/data/shared/npa-multilingual/downloads/conceptual12m/caches,facebook/nllb-200-3.3B,CLIPImageEncoder(largest/latest)
/mnt/data/shared/npa-multilingual/outputs/clip-vit-bigg14_nllb-200-3.3B_k400_p8,clip-vit-bigg14_nllb-200-3.3B_k400_p8,ok,nllb-200-3.3B,nllb-200-3.3B,clip-vit-bigg14,clip-vit-bigg14,400,8,asif,float32,1600000,100000,"1,5,10,25,50",,,False,0,0.04479005260640842,0.11282257293161167,0.15360688665710187,0.2192290769966523,0.27772357723577235,261375,/mnt/data/shared/npa-multilingual/downloads/xm3600/caches,/mnt/data/shared/npa-multilingual/downloads/conceptual12m/caches,facebook/nllb-200-3.3B,CLIPImageEncoder(largest/latest)
/mnt/data/shared/npa-multilingual/outputs/clip-vit-bigg14_nllb-200-3.3B_k800_p2,clip-vit-bigg14_nllb-200-3.3B_k800_p2,ok,nllb-200-3.3B,nllb-200-3.3B,clip-vit-bigg14,clip-vit-bigg14,800,2,asif,float32,1600000,100000,"1,5,10,25,50",,,False,0,0.049212816834050696,0.1318488761358202,0.18266092778574844,0.26275274988044,0.3322429459588713,261375,/mnt/data/shared/npa-multilingual/downloads/xm3600/caches,/mnt/data/shared/npa-multilingual/downloads/conceptual12m/caches,facebook/nllb-200-3.3B,CLIPImageEncoder(largest/latest)
/mnt/data/shared/npa-multilingual/outputs/clip-vit-bigg14_nllb-200-3.3B_k800_p4,clip-vit-bigg14_nllb-200-3.3B_k800_p4,ok,nllb-200-3.3B,nllb-200-3.3B,clip-vit-bigg14,clip-vit-bigg14,800,4,asif,float32,1600000,100000,"1,5,10,25,50",,,False,0,0.05118316594930655,0.1334442850310856,0.18437876614060258,0.2626953610712578,0.33095361071257773,261375,/mnt/data/shared/npa-multilingual/downloads/xm3600/caches,/mnt/data/shared/npa-multilingual/downloads/conceptual12m/caches,facebook/nllb-200-3.3B,CLIPImageEncoder(largest/latest)
/mnt/data/shared/npa-multilingual/outputs/clip-vit-bigg14_nllb-200-3.3B_k800_p8,clip-vit-bigg14_nllb-200-3.3B_k800_p8,ok,nllb-200-3.3B,nllb-200-3.3B,clip-vit-bigg14,clip-vit-bigg14,800,8,asif,float32,1600000,100000,"1,5,10,25,50",,,False,0,0.04882639885222382,0.12552845528455284,0.17264849354375897,0.24756001912960307,0.31422285987565757,261375,/mnt/data/shared/npa-multilingual/downloads/xm3600/caches,/mnt/data/shared/npa-multilingual/downloads/conceptual12m/caches,facebook/nllb-200-3.3B,CLIPImageEncoder(largest/latest)
/mnt/data/shared/npa-multilingual/outputs/clip-vit-bigg14_nllb-200-3.3B_k1200_p2,clip-vit-bigg14_nllb-200-3.3B_k1200_p2,ok,nllb-200-3.3B,nllb-200-3.3B,clip-vit-bigg14,clip-vit-bigg14,1200,2,asif,float32,1600000,100000,"1,5,10,25,50",,,False,0,0.04824103299856528,0.13233094213295074,0.18637207077953133,0.2726618842659015,0.3492262075561932,261375,/mnt/data/shared/npa-multilingual/downloads/xm3600/caches,/mnt/data/shared/npa-multilingual/downloads/conceptual12m/caches,facebook/nllb-200-3.3B,CLIPImageEncoder(largest/latest)
/mnt/data/shared/npa-multilingual/outputs/clip-vit-bigg14_nllb-200-3.3B_k1200_p4,clip-vit-bigg14_nllb-200-3.3B_k1200_p4,ok,nllb-200-3.3B,nllb-200-3.3B,clip-vit-bigg14,clip-vit-bigg14,1200,4,asif,float32,1600000,100000,"1,5,10,25,50",,,False,0,0.05072022955523673,0.13590435198469633,0.18929507412721186,0.27483500717360115,0.3494366331898613,261375,/mnt/data/shared/npa-multilingual/downloads/xm3600/caches,/mnt/data/shared/npa-multilingual/downloads/conceptual12m/caches,facebook/nllb-200-3.3B,CLIPImageEncoder(largest/latest)
/mnt/data/shared/npa-multilingual/outputs/clip-vit-bigg14_nllb-200-3.3B_k1200_p8,clip-vit-bigg14_nllb-200-3.3B_k1200_p8,ok,nllb-200-3.3B,nllb-200-3.3B,clip-vit-bigg14,clip-vit-bigg14,1200,8,asif,float32,1600000,100000,"1,5,10,25,50",,,False,0,0.050310856049736966,0.13080439980870398,0.18040363462458153,0.26000956480153037,0.33263318986131035,261375,/mnt/data/shared/npa-multilingual/downloads/xm3600/caches,/mnt/data/shared/npa-multilingual/downloads/conceptual12m/caches,facebook/nllb-200-3.3B,CLIPImageEncoder(largest/latest)
/mnt/data/shared/npa-multilingual/outputs/clip-vit-bigg14_nllb-200-3.3B_k1600_p2,clip-vit-bigg14_nllb-200-3.3B_k1600_p2,ok,nllb-200-3.3B,nllb-200-3.3B,clip-vit-bigg14,clip-vit-bigg14,1600,2,asif,float32,1600000,100000,"1,5,10,25,50",,,False,0,0.04684839789574367,0.1312749880439981,0.18660927785748446,0.27590243902439027,0.3561090387374462,261375,/mnt/data/shared/npa-multilingual/downloads/xm3600/caches,/mnt/data/shared/npa-multilingual/downloads/conceptual12m/caches,facebook/nllb-200-3.3B,CLIPImageEncoder(largest/latest)
/mnt/data/shared/npa-multilingual/outputs/clip-vit-bigg14_nllb-200-3.3B_k1600_p4,clip-vit-bigg14_nllb-200-3.3B_k1600_p4,ok,nllb-200-3.3B,nllb-200-3.3B,clip-vit-bigg14,clip-vit-bigg14,1600,4,asif,float32,1600000,100000,"1,5,10,25,50",,,False,0,0.05015016738402678,0.13601912960306073,0.19070301291248207,0.2792080344332855,0.35786896221903397,261375,/mnt/data/shared/npa-multilingual/downloads/xm3600/caches,/mnt/data/shared/npa-multilingual/downloads/conceptual12m/caches,facebook/nllb-200-3.3B,CLIPImageEncoder(largest/latest)
/mnt/data/shared/npa-multilingual/outputs/clip-vit-bigg14_nllb-200-3.3B_k1600_p8,clip-vit-bigg14_nllb-200-3.3B_k1600_p8,ok,nllb-200-3.3B,nllb-200-3.3B,clip-vit-bigg14,clip-vit-bigg14,1600,8,asif,float32,1600000,100000,"1,5,10,25,50",,,False,0,0.05136298421807747,0.13383070301291247,0.1851095169775227,0.2678680057388809,0.34297847919655666,261375,/mnt/data/shared/npa-multilingual/downloads/xm3600/caches,/mnt/data/shared/npa-multilingual/downloads/conceptual12m/caches,facebook/nllb-200-3.3B,CLIPImageEncoder(largest/latest)
/mnt/data/shared/npa-multilingual/outputs/dinov3-vit7b16_nllb-200-3.3B_k200_p2,dinov3-vit7b16_nllb-200-3.3B_k200_p2,ok,nllb-200-3.3B,nllb-200-3.3B,dinov3-vit7b16,dinov3-vit7b16,200,2,asif,float32,1600000,100000,"1,5,10,25,50",,,False,0,0.03882161645145863,0.09617981826877092,0.1284131994261119,0.1770827355332377,0.22053754184600668,261375,/mnt/data/shared/npa-multilingual/downloads/xm3600/caches,/mnt/data/shared/npa-multilingual/downloads/conceptual12m/caches,facebook/nllb-200-3.3B,facebook/dinov3-vit7b16-pretrain-lvd1689m
/mnt/data/shared/npa-multilingual/outputs/dinov3-vit7b16_nllb-200-3.3B_k200_p4,dinov3-vit7b16_nllb-200-3.3B_k200_p4,ok,nllb-200-3.3B,nllb-200-3.3B,dinov3-vit7b16,dinov3-vit7b16,200,4,asif,float32,1600000,100000,"1,5,10,25,50",,,False,0,0.03468962219033955,0.08912482065997131,0.12051267336202774,0.17119846963175514,0.21524629363940698,261375,/mnt/data/shared/npa-multilingual/downloads/xm3600/caches,/mnt/data/shared/npa-multilingual/downloads/conceptual12m/caches,facebook/nllb-200-3.3B,facebook/dinov3-vit7b16-pretrain-lvd1689m
/mnt/data/shared/npa-multilingual/outputs/dinov3-vit7b16_nllb-200-3.3B_k200_p8,dinov3-vit7b16_nllb-200-3.3B_k200_p8,ok,nllb-200-3.3B,nllb-200-3.3B,dinov3-vit7b16,dinov3-vit7b16,200,8,asif,float32,1600000,100000,"1,5,10,25,50",,,False,0,0.028480153036824486,0.0778153993304639,0.108675274988044,0.1610597800095648,0.20954184600669537,261375,/mnt/data/shared/npa-multilingual/downloads/xm3600/caches,/mnt/data/shared/npa-multilingual/downloads/conceptual12m/caches,facebook/nllb-200-3.3B,facebook/dinov3-vit7b16-pretrain-lvd1689m
/mnt/data/shared/npa-multilingual/outputs/dinov3-vit7b16_nllb-200-3.3B_k400_p2,dinov3-vit7b16_nllb-200-3.3B_k400_p2,ok,nllb-200-3.3B,nllb-200-3.3B,dinov3-vit7b16,dinov3-vit7b16,400,2,asif,float32,1600000,100000,"1,5,10,25,50",,,False,0,0.043324725011956,0.11069536107125777,0.15024390243902438,0.21000478240076517,0.2615667144906743,261375,/mnt/data/shared/npa-multilingual/downloads/xm3600/caches,/mnt/data/shared/npa-multilingual/downloads/conceptual12m/caches,facebook/nllb-200-3.3B,facebook/dinov3-vit7b16-pretrain-lvd1689m
/mnt/data/shared/npa-multilingual/outputs/dinov3-vit7b16_nllb-200-3.3B_k400_p4,dinov3-vit7b16_nllb-200-3.3B_k400_p4,ok,nllb-200-3.3B,nllb-200-3.3B,dinov3-vit7b16,dinov3-vit7b16,400,4,asif,float32,1600000,100000,"1,5,10,25,50",,,False,0,0.03869153515064563,0.10021233859397417,0.1370674318507891,0.19439885222381637,0.24549019607843137,261375,/mnt/data/shared/npa-multilingual/downloads/xm3600/caches,/mnt/data/shared/npa-multilingual/downloads/conceptual12m/caches,facebook/nllb-200-3.3B,facebook/dinov3-vit7b16-pretrain-lvd1689m
/mnt/data/shared/npa-multilingual/outputs/dinov3-vit7b16_nllb-200-3.3B_k400_p8,dinov3-vit7b16_nllb-200-3.3B_k400_p8,ok,nllb-200-3.3B,nllb-200-3.3B,dinov3-vit7b16,dinov3-vit7b16,400,8,asif,float32,1600000,100000,"1,5,10,25,50",,,False,0,0.030592061214729793,0.08316786226685796,0.11638833094213295,0.17158106169296988,0.225090387374462,261375,/mnt/data/shared/npa-multilingual/downloads/xm3600/caches,/mnt/data/shared/npa-multilingual/downloads/conceptual12m/caches,facebook/nllb-200-3.3B,facebook/dinov3-vit7b16-pretrain-lvd1689m
/mnt/data/shared/npa-multilingual/outputs/dinov3-vit7b16_nllb-200-3.3B_k800_p2,dinov3-vit7b16_nllb-200-3.3B_k800_p2,ok,nllb-200-3.3B,nllb-200-3.3B,dinov3-vit7b16,dinov3-vit7b16,800,2,asif,float32,1600000,100000,"1,5,10,25,50",,,False,0,0.04615973218555715,0.12075370636059302,0.16607938785270204,0.2377694882831181,0.2992175992348159,261375,/mnt/data/shared/npa-multilingual/downloads/xm3600/caches,/mnt/data/shared/npa-multilingual/downloads/conceptual12m/caches,facebook/nllb-200-3.3B,facebook/dinov3-vit7b16-pretrain-lvd1689m
/mnt/data/shared/npa-multilingual/outputs/dinov3-vit7b16_nllb-200-3.3B_k800_p4,dinov3-vit7b16_nllb-200-3.3B_k800_p4,ok,nllb-200-3.3B,nllb-200-3.3B,dinov3-vit7b16,dinov3-vit7b16,800,4,asif,float32,1600000,100000,"1,5,10,25,50",,,False,0,0.04202391200382592,0.10907317073170732,0.15020946915351507,0.21474509803921568,0.2721530368244859,261375,/mnt/data/shared/npa-multilingual/downloads/xm3600/caches,/mnt/data/shared/npa-multilingual/downloads/conceptual12m/caches,facebook/nllb-200-3.3B,facebook/dinov3-vit7b16-pretrain-lvd1689m
/mnt/data/shared/npa-multilingual/outputs/dinov3-vit7b16_nllb-200-3.3B_k800_p8,dinov3-vit7b16_nllb-200-3.3B_k800_p8,ok,nllb-200-3.3B,nllb-200-3.3B,dinov3-vit7b16,dinov3-vit7b16,800,8,asif,float32,1600000,100000,"1,5,10,25,50",,,False,0,0.032883787661406025,0.08870014347202296,0.12337446197991392,0.1808857006217121,0.2368206599713056,261375,/mnt/data/shared/npa-multilingual/downloads/xm3600/caches,/mnt/data/shared/npa-multilingual/downloads/conceptual12m/caches,facebook/nllb-200-3.3B,facebook/dinov3-vit7b16-pretrain-lvd1689m
/mnt/data/shared/npa-multilingual/outputs/dinov3-vit7b16_nllb-200-3.3B_k1200_p2,dinov3-vit7b16_nllb-200-3.3B_k1200_p2,ok,nllb-200-3.3B,nllb-200-3.3B,dinov3-vit7b16,dinov3-vit7b16,1200,2,asif,float32,1600000,100000,"1,5,10,25,50",,,False,0,0.04698230511716882,0.12447250119560019,0.17221233859397417,0.24948445719751317,0.31604782400765186,261375,/mnt/data/shared/npa-multilingual/downloads/xm3600/caches,/mnt/data/shared/npa-multilingual/downloads/conceptual12m/caches,facebook/nllb-200-3.3B,facebook/dinov3-vit7b16-pretrain-lvd1689m
/mnt/data/shared/npa-multilingual/outputs/dinov3-vit7b16_nllb-200-3.3B_k1200_p4,dinov3-vit7b16_nllb-200-3.3B_k1200_p4,ok,nllb-200-3.3B,nllb-200-3.3B,dinov3-vit7b16,dinov3-vit7b16,1200,4,asif,float32,1600000,100000,"1,5,10,25,50",,,False,0,0.04321377331420373,0.11337733142037303,0.1560210425633668,0.22419512195121952,0.2844801530368245,261375,/mnt/data/shared/npa-multilingual/downloads/xm3600/caches,/mnt/data/shared/npa-multilingual/downloads/conceptual12m/caches,facebook/nllb-200-3.3B,facebook/dinov3-vit7b16-pretrain-lvd1689m
/mnt/data/shared/npa-multilingual/outputs/dinov3-vit7b16_nllb-200-3.3B_k1200_p8,dinov3-vit7b16_nllb-200-3.3B_k1200_p8,ok,nllb-200-3.3B,nllb-200-3.3B,dinov3-vit7b16,dinov3-vit7b16,1200,8,asif,float32,1600000,100000,"1,5,10,25,50",,,False,0,0.034108082257293164,0.09207077953132473,0.12740698230511716,0.18584791965566713,0.24221520803443328,261375,/mnt/data/shared/npa-multilingual/downloads/xm3600/caches,/mnt/data/shared/npa-multilingual/downloads/conceptual12m/caches,facebook/nllb-200-3.3B,facebook/dinov3-vit7b16-pretrain-lvd1689m
/mnt/data/shared/npa-multilingual/outputs/dinov3-vit7b16_nllb-200-3.3B_k1600_p2,dinov3-vit7b16_nllb-200-3.3B_k1600_p2,ok,nllb-200-3.3B,nllb-200-3.3B,dinov3-vit7b16,dinov3-vit7b16,1600,2,asif,float32,1600000,100000,"1,5,10,25,50",,,False,0,0.046500239120038256,0.12548637015781922,0.17456527977044475,0.2548751793400287,0.32555906264945,261375,/mnt/data/shared/npa-multilingual/downloads/xm3600/caches,/mnt/data/shared/npa-multilingual/downloads/conceptual12m/caches,facebook/nllb-200-3.3B,facebook/dinov3-vit7b16-pretrain-lvd1689m
/mnt/data/shared/npa-multilingual/outputs/dinov3-vit7b16_nllb-200-3.3B_k1600_p4,dinov3-vit7b16_nllb-200-3.3B_k1600_p4,ok,nllb-200-3.3B,nllb-200-3.3B,dinov3-vit7b16,dinov3-vit7b16,1600,4,asif,float32,1600000,100000,"1,5,10,25,50",,,False,0,0.043516021042563365,0.11527881396461023,0.15871831659493066,0.2297197513151602,0.292778574844572,261375,/mnt/data/shared/npa-multilingual/downloads/xm3600/caches,/mnt/data/shared/npa-multilingual/downloads/conceptual12m/caches,facebook/nllb-200-3.3B,facebook/dinov3-vit7b16-pretrain-lvd1689m
/mnt/data/shared/npa-multilingual/outputs/dinov3-vit7b16_nllb-200-3.3B_k1600_p8,dinov3-vit7b16_nllb-200-3.3B_k1600_p8,ok,nllb-200-3.3B,nllb-200-3.3B,dinov3-vit7b16,dinov3-vit7b16,1600,8,asif,float32,1600000,100000,"1,5,10,25,50",,,False,0,0.03476996652319465,0.0942209469153515,0.1299971305595409,0.1897771401243424,0.24634720229555238,261375,/mnt/data/shared/npa-multilingual/downloads/xm3600/caches,/mnt/data/shared/npa-multilingual/downloads/conceptual12m/caches,facebook/nllb-200-3.3B,facebook/dinov3-vit7b16-pretrain-lvd1689m
/mnt/data/shared/npa-multilingual/outputs/c-radio-v4-h_qwen3-embed-8b_k200_p2,c-radio-v4-h_qwen3-embed-8b_k200_p2,ok,qwen3-embed-8b,qwen3-embed-8b,c-radio-v4-h,c-radio-v4-h,200,2,asif,float32,1600000,100000,"1,5,10,25,50",,,False,0,0.20361932089909135,0.4349918699186992,0.5343586800573888,0.6478469631755142,0.7185117168818747,261375,/mnt/data/shared/npa-multilingual/downloads/xm3600/caches,/mnt/data/shared/npa-multilingual/downloads/conceptual12m/caches,Qwen/Qwen3-Embedding-8B,nvidia/C-RADIOv4-H
/mnt/data/shared/npa-multilingual/outputs/c-radio-v4-h_qwen3-embed-8b_k200_p4,c-radio-v4-h_qwen3-embed-8b_k200_p4,ok,qwen3-embed-8b,qwen3-embed-8b,c-radio-v4-h,c-radio-v4-h,200,4,asif,float32,1600000,100000,"1,5,10,25,50",,,False,0,0.2080726924916308,0.43721472979435677,0.5348675274988044,0.6470588235294118,0.7171764705882353,261375,/mnt/data/shared/npa-multilingual/downloads/xm3600/caches,/mnt/data/shared/npa-multilingual/downloads/conceptual12m/caches,Qwen/Qwen3-Embedding-8B,nvidia/C-RADIOv4-H
/mnt/data/shared/npa-multilingual/outputs/c-radio-v4-h_qwen3-embed-8b_k200_p8,c-radio-v4-h_qwen3-embed-8b_k200_p8,ok,qwen3-embed-8b,qwen3-embed-8b,c-radio-v4-h,c-radio-v4-h,200,8,asif,float32,1600000,100000,"1,5,10,25,50",,,False,0,0.2062936394069823,0.42759636537541845,0.5230454328072692,0.6354241989478718,0.7076805356288857,261375,/mnt/data/shared/npa-multilingual/downloads/xm3600/caches,/mnt/data/shared/npa-multilingual/downloads/conceptual12m/caches,Qwen/Qwen3-Embedding-8B,nvidia/C-RADIOv4-H
/mnt/data/shared/npa-multilingual/outputs/c-radio-v4-h_qwen3-embed-8b_k400_p2,c-radio-v4-h_qwen3-embed-8b_k400_p2,ok,qwen3-embed-8b,qwen3-embed-8b,c-radio-v4-h,c-radio-v4-h,400,2,asif,float32,1600000,100000,"1,5,10,25,50",,,False,0,0.20809947393591582,0.45381922525107604,0.5639406982305117,0.6917532281205165,0.7724916307986609,261375,/mnt/data/shared/npa-multilingual/downloads/xm3600/caches,/mnt/data/shared/npa-multilingual/downloads/conceptual12m/caches,Qwen/Qwen3-Embedding-8B,nvidia/C-RADIOv4-H
/mnt/data/shared/npa-multilingual/outputs/c-radio-v4-h_qwen3-embed-8b_k400_p4,c-radio-v4-h_qwen3-embed-8b_k400_p4,ok,qwen3-embed-8b,qwen3-embed-8b,c-radio-v4-h,c-radio-v4-h,400,4,asif,float32,1600000,100000,"1,5,10,25,50",,,False,0,0.21278240076518412,0.45770253467240557,0.5651420373027259,0.6915466284074605,0.7717685318029651,261375,/mnt/data/shared/npa-multilingual/downloads/xm3600/caches,/mnt/data/shared/npa-multilingual/downloads/conceptual12m/caches,Qwen/Qwen3-Embedding-8B,nvidia/C-RADIOv4-H
/mnt/data/shared/npa-multilingual/outputs/c-radio-v4-h_qwen3-embed-8b_k400_p8,c-radio-v4-h_qwen3-embed-8b_k400_p8,ok,qwen3-embed-8b,qwen3-embed-8b,c-radio-v4-h,c-radio-v4-h,400,8,asif,float32,1600000,100000,"1,5,10,25,50",,,False,0,0.2141635581061693,0.4527250119560019,0.555324725011956,0.6767977044476328,0.7560899091343855,261375,/mnt/data/shared/npa-multilingual/downloads/xm3600/caches,/mnt/data/shared/npa-multilingual/downloads/conceptual12m/caches,Qwen/Qwen3-Embedding-8B,nvidia/C-RADIOv4-H
/mnt/data/shared/npa-multilingual/outputs/c-radio-v4-h_qwen3-embed-8b_k800_p2,c-radio-v4-h_qwen3-embed-8b_k800_p2,ok,qwen3-embed-8b,qwen3-embed-8b,c-radio-v4-h,c-radio-v4-h,800,2,asif,float32,1600000,100000,"1,5,10,25,50",,,False,0,0.2056700143472023,0.4559923481587757,0.5724342419894787,0.7108330942132951,0.7974595887135342,261375,/mnt/data/shared/npa-multilingual/downloads/xm3600/caches,/mnt/data/shared/npa-multilingual/downloads/conceptual12m/caches,Qwen/Qwen3-Embedding-8B,nvidia/C-RADIOv4-H
/mnt/data/shared/npa-multilingual/outputs/c-radio-v4-h_qwen3-embed-8b_k800_p4,c-radio-v4-h_qwen3-embed-8b_k800_p4,ok,qwen3-embed-8b,qwen3-embed-8b,c-radio-v4-h,c-radio-v4-h,800,4,asif,float32,1600000,100000,"1,5,10,25,50",,,False,0,0.2120860832137733,0.4610616929698709,0.5749516977522716,0.7122831181252989,0.7975284552845529,261375,/mnt/data/shared/npa-multilingual/downloads/xm3600/caches,/mnt/data/shared/npa-multilingual/downloads/conceptual12m/caches,Qwen/Qwen3-Embedding-8B,nvidia/C-RADIOv4-H
/mnt/data/shared/npa-multilingual/outputs/c-radio-v4-h_qwen3-embed-8b_k800_p8,c-radio-v4-h_qwen3-embed-8b_k800_p8,ok,qwen3-embed-8b,qwen3-embed-8b,c-radio-v4-h,c-radio-v4-h,800,8,asif,float32,1600000,100000,"1,5,10,25,50",,,False,0,0.21503969392635103,0.4590492587278814,0.5670435198469632,0.6978249641319942,0.781065518890483,261375,/mnt/data/shared/npa-multilingual/downloads/xm3600/caches,/mnt/data/shared/npa-multilingual/downloads/conceptual12m/caches,Qwen/Qwen3-Embedding-8B,nvidia/C-RADIOv4-H
/mnt/data/shared/npa-multilingual/outputs/c-radio-v4-h_qwen3-embed-8b_k1200_p2,c-radio-v4-h_qwen3-embed-8b_k1200_p2,ok,qwen3-embed-8b,qwen3-embed-8b,c-radio-v4-h,c-radio-v4-h,1200,2,asif,float32,1600000,100000,"1,5,10,25,50",,,False,0,0.2028962219033955,0.452078431372549,0.5701080822572931,0.7118852223816355,0.8019780009564802,261375,/mnt/data/shared/npa-multilingual/downloads/xm3600/caches,/mnt/data/shared/npa-multilingual/downloads/conceptual12m/caches,Qwen/Qwen3-Embedding-8B,nvidia/C-RADIOv4-H
/mnt/data/shared/npa-multilingual/outputs/c-radio-v4-h_qwen3-embed-8b_k1200_p4,c-radio-v4-h_qwen3-embed-8b_k1200_p4,ok,qwen3-embed-8b,qwen3-embed-8b,c-radio-v4-h,c-radio-v4-h,1200,4,asif,float32,1600000,100000,"1,5,10,25,50",,,False,0,0.20973314203730273,0.45825346724055477,0.5740985174557628,0.7145557149689143,0.8029650884744142,261375,/mnt/data/shared/npa-multilingual/downloads/xm3600/caches,/mnt/data/shared/npa-multilingual/downloads/conceptual12m/caches,Qwen/Qwen3-Embedding-8B,nvidia/C-RADIOv4-H
/mnt/data/shared/npa-multilingual/outputs/c-radio-v4-h_qwen3-embed-8b_k1200_p8,c-radio-v4-h_qwen3-embed-8b_k1200_p8,ok,qwen3-embed-8b,qwen3-embed-8b,c-radio-v4-h,c-radio-v4-h,1200,8,asif,float32,1600000,100000,"1,5,10,25,50",,,False,0,0.21360879961740795,0.4565624103299857,0.5672654232424678,0.7011382113821139,0.7873055954088952,261375,/mnt/data/shared/npa-multilingual/downloads/xm3600/caches,/mnt/data/shared/npa-multilingual/downloads/conceptual12m/caches,Qwen/Qwen3-Embedding-8B,nvidia/C-RADIOv4-H
/mnt/data/shared/npa-multilingual/outputs/c-radio-v4-h_qwen3-embed-8b_k1600_p2,c-radio-v4-h_qwen3-embed-8b_k1600_p2,ok,qwen3-embed-8b,qwen3-embed-8b,c-radio-v4-h,c-radio-v4-h,1600,2,asif,float32,1600000,100000,"1,5,10,25,50",,,False,0,0.2003711142993783,0.44735724533715926,0.5668445719751315,0.7102400765184123,0.8023529411764706,261375,/mnt/data/shared/npa-multilingual/downloads/xm3600/caches,/mnt/data/shared/npa-multilingual/downloads/conceptual12m/caches,Qwen/Qwen3-Embedding-8B,nvidia/C-RADIOv4-H
/mnt/data/shared/npa-multilingual/outputs/c-radio-v4-h_qwen3-embed-8b_k1600_p4,c-radio-v4-h_qwen3-embed-8b_k1600_p4,ok,qwen3-embed-8b,qwen3-embed-8b,c-radio-v4-h,c-radio-v4-h,1600,4,asif,float32,1600000,100000,"1,5,10,25,50",,,False,0,0.2078125298900048,0.4552003825920612,0.5723003347680535,0.7139320899091344,0.8040707795313248,261375,/mnt/data/shared/npa-multilingual/downloads/xm3600/caches,/mnt/data/shared/npa-multilingual/downloads/conceptual12m/caches,Qwen/Qwen3-Embedding-8B,nvidia/C-RADIOv4-H
/mnt/data/shared/npa-multilingual/outputs/c-radio-v4-h_qwen3-embed-8b_k1600_p8,c-radio-v4-h_qwen3-embed-8b_k1600_p8,ok,qwen3-embed-8b,qwen3-embed-8b,c-radio-v4-h,c-radio-v4-h,1600,8,asif,float32,1600000,100000,"1,5,10,25,50",,,False,0,0.21130942132950742,0.45331037780966044,0.5646791009086561,0.7007709230033476,0.7882926829268293,261375,/mnt/data/shared/npa-multilingual/downloads/xm3600/caches,/mnt/data/shared/npa-multilingual/downloads/conceptual12m/caches,Qwen/Qwen3-Embedding-8B,nvidia/C-RADIOv4-H
/mnt/data/shared/npa-multilingual/outputs/clip-vit-bigg14_qwen3-embed-8b_k200_p2,clip-vit-bigg14_qwen3-embed-8b_k200_p2,ok,qwen3-embed-8b,qwen3-embed-8b,clip-vit-bigg14,clip-vit-bigg14,200,2,asif,float32,1600000,100000,"1,5,10,25,50",,,False,0,0.19336967957914875,0.4197455762792922,0.5182668579626972,0.6324591104734577,0.703506456241033,261375,/mnt/data/shared/npa-multilingual/downloads/xm3600/caches,/mnt/data/shared/npa-multilingual/downloads/conceptual12m/caches,Qwen/Qwen3-Embedding-8B,CLIPImageEncoder(largest/latest)
/mnt/data/shared/npa-multilingual/outputs/clip-vit-bigg14_qwen3-embed-8b_k200_p4,clip-vit-bigg14_qwen3-embed-8b_k200_p4,ok,qwen3-embed-8b,qwen3-embed-8b,clip-vit-bigg14,clip-vit-bigg14,200,4,asif,float32,1600000,100000,"1,5,10,25,50",,,False,0,0.19633859397417502,0.42139837398373986,0.5194069823051172,0.6318584409373506,0.7031506456241033,261375,/mnt/data/shared/npa-multilingual/downloads/xm3600/caches,/mnt/data/shared/npa-multilingual/downloads/conceptual12m/caches,Qwen/Qwen3-Embedding-8B,CLIPImageEncoder(largest/latest)
/mnt/data/shared/npa-multilingual/outputs/clip-vit-bigg14_qwen3-embed-8b_k200_p8,clip-vit-bigg14_qwen3-embed-8b_k200_p8,ok,qwen3-embed-8b,qwen3-embed-8b,clip-vit-bigg14,clip-vit-bigg14,200,8,asif,float32,1600000,100000,"1,5,10,25,50",,,False,0,0.19283022477283596,0.40907890961262555,0.5050444763271162,0.6212147297943568,0.6965164992826399,261375,/mnt/data/shared/npa-multilingual/downloads/xm3600/caches,/mnt/data/shared/npa-multilingual/downloads/conceptual12m/caches,Qwen/Qwen3-Embedding-8B,CLIPImageEncoder(largest/latest)
/mnt/data/shared/npa-multilingual/outputs/clip-vit-bigg14_qwen3-embed-8b_k400_p2,clip-vit-bigg14_qwen3-embed-8b_k400_p2,ok,qwen3-embed-8b,qwen3-embed-8b,clip-vit-bigg14,clip-vit-bigg14,400,2,asif,float32,1600000,100000,"1,5,10,25,50",,,False,0,0.19773122907699664,0.44065040650406506,0.5514758488761358,0.6822305117168819,0.7651382113821138,261375,/mnt/data/shared/npa-multilingual/downloads/xm3600/caches,/mnt/data/shared/npa-multilingual/downloads/conceptual12m/caches,Qwen/Qwen3-Embedding-8B,CLIPImageEncoder(largest/latest)
/mnt/data/shared/npa-multilingual/outputs/clip-vit-bigg14_qwen3-embed-8b_k400_p4,clip-vit-bigg14_qwen3-embed-8b_k400_p4,ok,qwen3-embed-8b,qwen3-embed-8b,clip-vit-bigg14,clip-vit-bigg14,400,4,asif,float32,1600000,100000,"1,5,10,25,50",,,False,0,0.20396747967479675,0.4457847919655667,0.555221425155428,0.6838335724533716,0.7646676231468197,261375,/mnt/data/shared/npa-multilingual/downloads/xm3600/caches,/mnt/data/shared/npa-multilingual/downloads/conceptual12m/caches,Qwen/Qwen3-Embedding-8B,CLIPImageEncoder(largest/latest)
/mnt/data/shared/npa-multilingual/outputs/clip-vit-bigg14_qwen3-embed-8b_k400_p8,clip-vit-bigg14_qwen3-embed-8b_k400_p8,ok,qwen3-embed-8b,qwen3-embed-8b,clip-vit-bigg14,clip-vit-bigg14,400,8,asif,float32,1600000,100000,"1,5,10,25,50",,,False,0,0.20479005260640842,0.43921186035389764,0.5452816834050693,0.6715370636059301,0.7545748445719751,261375,/mnt/data/shared/npa-multilingual/downloads/xm3600/caches,/mnt/data/shared/npa-multilingual/downloads/conceptual12m/caches,Qwen/Qwen3-Embedding-8B,CLIPImageEncoder(largest/latest)
/mnt/data/shared/npa-multilingual/outputs/clip-vit-bigg14_qwen3-embed-8b_k800_p2,clip-vit-bigg14_qwen3-embed-8b_k800_p2,ok,qwen3-embed-8b,qwen3-embed-8b,clip-vit-bigg14,clip-vit-bigg14,800,2,asif,float32,1600000,100000,"1,5,10,25,50",,,False,0,0.19520994739359157,0.44331324725011956,0.5607460545193688,0.6998106169296987,0.789195600191296,261375,/mnt/data/shared/npa-multilingual/downloads/xm3600/caches,/mnt/data/shared/npa-multilingual/downloads/conceptual12m/caches,Qwen/Qwen3-Embedding-8B,CLIPImageEncoder(largest/latest)
/mnt/data/shared/npa-multilingual/outputs/clip-vit-bigg14_qwen3-embed-8b_k800_p4,clip-vit-bigg14_qwen3-embed-8b_k800_p4,ok,qwen3-embed-8b,qwen3-embed-8b,clip-vit-bigg14,clip-vit-bigg14,800,4,asif,float32,1600000,100000,"1,5,10,25,50",,,False,0,0.2030569105691057,0.451558106169297,0.5664007651841224,0.7040650406504065,0.7911774270683883,261375,/mnt/data/shared/npa-multilingual/downloads/xm3600/caches,/mnt/data/shared/npa-multilingual/downloads/conceptual12m/caches,Qwen/Qwen3-Embedding-8B,CLIPImageEncoder(largest/latest)
/mnt/data/shared/npa-multilingual/outputs/clip-vit-bigg14_qwen3-embed-8b_k800_p8,clip-vit-bigg14_qwen3-embed-8b_k800_p8,ok,qwen3-embed-8b,qwen3-embed-8b,clip-vit-bigg14,clip-vit-bigg14,800,8,asif,float32,1600000,100000,"1,5,10,25,50",,,False,0,0.2108388330942133,0.4534213295074127,0.5648703969392636,0.6991716881874701,0.7839387852702057,261375,/mnt/data/shared/npa-multilingual/downloads/xm3600/caches,/mnt/data/shared/npa-multilingual/downloads/conceptual12m/caches,Qwen/Qwen3-Embedding-8B,CLIPImageEncoder(largest/latest)
/mnt/data/shared/npa-multilingual/outputs/clip-vit-bigg14_qwen3-embed-8b_k1200_p2,clip-vit-bigg14_qwen3-embed-8b_k1200_p2,ok,qwen3-embed-8b,qwen3-embed-8b,clip-vit-bigg14,clip-vit-bigg14,1200,2,asif,float32,1600000,100000,"1,5,10,25,50",,,False,0,0.1886025824964132,0.4363577235772358,0.5578536585365854,0.700675274988044,0.7929794356767097,261375,/mnt/data/shared/npa-multilingual/downloads/xm3600/caches,/mnt/data/shared/npa-multilingual/downloads/conceptual12m/caches,Qwen/Qwen3-Embedding-8B,CLIPImageEncoder(largest/latest)
/mnt/data/shared/npa-multilingual/outputs/clip-vit-bigg14_qwen3-embed-8b_k1200_p4,clip-vit-bigg14_qwen3-embed-8b_k1200_p4,ok,qwen3-embed-8b,qwen3-embed-8b,clip-vit-bigg14,clip-vit-bigg14,1200,4,asif,float32,1600000,100000,"1,5,10,25,50",,,False,0,0.19833572453371592,0.44648493543758966,0.5655514108082257,0.7059626972740316,0.7961626016260163,261375,/mnt/data/shared/npa-multilingual/downloads/xm3600/caches,/mnt/data/shared/npa-multilingual/downloads/conceptual12m/caches,Qwen/Qwen3-Embedding-8B,CLIPImageEncoder(largest/latest)
/mnt/data/shared/npa-multilingual/outputs/clip-vit-bigg14_qwen3-embed-8b_k1200_p8,clip-vit-bigg14_qwen3-embed-8b_k1200_p8,ok,qwen3-embed-8b,qwen3-embed-8b,clip-vit-bigg14,clip-vit-bigg14,1200,8,asif,float32,1600000,100000,"1,5,10,25,50",,,False,0,0.21036059301769489,0.4554643711142994,0.5687498804399809,0.7059435676709708,0.7923137254901961,261375,/mnt/data/shared/npa-multilingual/downloads/xm3600/caches,/mnt/data/shared/npa-multilingual/downloads/conceptual12m/caches,Qwen/Qwen3-Embedding-8B,CLIPImageEncoder(largest/latest)
/mnt/data/shared/npa-multilingual/outputs/clip-vit-bigg14_qwen3-embed-8b_k1600_p2,clip-vit-bigg14_qwen3-embed-8b_k1600_p2,ok,qwen3-embed-8b,qwen3-embed-8b,clip-vit-bigg14,clip-vit-bigg14,1600,2,asif,float32,1600000,100000,"1,5,10,25,50",,,False,0,0.18408417025346724,0.4303012912482066,0.5525624103299857,0.6975380200860832,0.79142993782879,261375,/mnt/data/shared/npa-multilingual/downloads/xm3600/caches,/mnt/data/shared/npa-multilingual/downloads/conceptual12m/caches,Qwen/Qwen3-Embedding-8B,CLIPImageEncoder(largest/latest)
/mnt/data/shared/npa-multilingual/outputs/clip-vit-bigg14_qwen3-embed-8b_k1600_p4,clip-vit-bigg14_qwen3-embed-8b_k1600_p4,ok,qwen3-embed-8b,qwen3-embed-8b,clip-vit-bigg14,clip-vit-bigg14,1600,4,asif,float32,1600000,100000,"1,5,10,25,50",,,False,0,0.19460545193687231,0.441583931133429,0.5616566236250597,0.7043825920612148,0.7956231468197035,261375,/mnt/data/shared/npa-multilingual/downloads/xm3600/caches,/mnt/data/shared/npa-multilingual/downloads/conceptual12m/caches,Qwen/Qwen3-Embedding-8B,CLIPImageEncoder(largest/latest)
/mnt/data/shared/npa-multilingual/outputs/clip-vit-bigg14_qwen3-embed-8b_k1600_p8,clip-vit-bigg14_qwen3-embed-8b_k1600_p8,ok,qwen3-embed-8b,qwen3-embed-8b,clip-vit-bigg14,clip-vit-bigg14,1600,8,asif,float32,1600000,100000,"1,5,10,25,50",,,False,0,0.2097790530846485,0.4543012912482066,0.5686963175514108,0.7069076996652319,0.7944332855093257,261375,/mnt/data/shared/npa-multilingual/downloads/xm3600/caches,/mnt/data/shared/npa-multilingual/downloads/conceptual12m/caches,Qwen/Qwen3-Embedding-8B,CLIPImageEncoder(largest/latest)
/mnt/data/shared/npa-multilingual/outputs/dinov3-vit7b16_qwen3-embed-8b_k200_p2,dinov3-vit7b16_qwen3-embed-8b_k200_p2,ok,qwen3-embed-8b,qwen3-embed-8b,dinov3-vit7b16,dinov3-vit7b16,200,2,asif,float32,1600000,100000,"1,5,10,25,50",,,False,0,0.17029172644667623,0.3694041128646581,0.45813103778096603,0.5644189383070302,0.6373142037302726,261375,/mnt/data/shared/npa-multilingual/downloads/xm3600/caches,/mnt/data/shared/npa-multilingual/downloads/conceptual12m/caches,Qwen/Qwen3-Embedding-8B,facebook/dinov3-vit7b16-pretrain-lvd1689m
/mnt/data/shared/npa-multilingual/outputs/dinov3-vit7b16_qwen3-embed-8b_k200_p4,dinov3-vit7b16_qwen3-embed-8b_k200_p4,ok,qwen3-embed-8b,qwen3-embed-8b,dinov3-vit7b16,dinov3-vit7b16,200,4,asif,float32,1600000,100000,"1,5,10,25,50",,,False,0,0.16349689143950263,0.35338498326159734,0.4392424677187948,0.5449832615973219,0.6219416547106648,261375,/mnt/data/shared/npa-multilingual/downloads/xm3600/caches,/mnt/data/shared/npa-multilingual/downloads/conceptual12m/caches,Qwen/Qwen3-Embedding-8B,facebook/dinov3-vit7b16-pretrain-lvd1689m
/mnt/data/shared/npa-multilingual/outputs/dinov3-vit7b16_qwen3-embed-8b_k200_p8,dinov3-vit7b16_qwen3-embed-8b_k200_p8,ok,qwen3-embed-8b,qwen3-embed-8b,dinov3-vit7b16,dinov3-vit7b16,200,8,asif,float32,1600000,100000,"1,5,10,25,50",,,False,0,0.14460832137733143,0.3185384983261597,0.403221425155428,0.5160363462458154,0.6040631276901004,261375,/mnt/data/shared/npa-multilingual/downloads/xm3600/caches,/mnt/data/shared/npa-multilingual/downloads/conceptual12m/caches,Qwen/Qwen3-Embedding-8B,facebook/dinov3-vit7b16-pretrain-lvd1689m
/mnt/data/shared/npa-multilingual/outputs/dinov3-vit7b16_qwen3-embed-8b_k400_p2,dinov3-vit7b16_qwen3-embed-8b_k400_p2,ok,qwen3-embed-8b,qwen3-embed-8b,dinov3-vit7b16,dinov3-vit7b16,400,2,asif,float32,1600000,100000,"1,5,10,25,50",,,False,0,0.17476040172166427,0.38709899569583933,0.488363462458154,0.6116307986609277,0.6938000956480153,261375,/mnt/data/shared/npa-multilingual/downloads/xm3600/caches,/mnt/data/shared/npa-multilingual/downloads/conceptual12m/caches,Qwen/Qwen3-Embedding-8B,facebook/dinov3-vit7b16-pretrain-lvd1689m
/mnt/data/shared/npa-multilingual/outputs/dinov3-vit7b16_qwen3-embed-8b_k400_p4,dinov3-vit7b16_qwen3-embed-8b_k400_p4,ok,qwen3-embed-8b,qwen3-embed-8b,dinov3-vit7b16,dinov3-vit7b16,400,4,asif,float32,1600000,100000,"1,5,10,25,50",,,False,0,0.16922429459588714,0.37129411764705883,0.4656183644189383,0.5815208034433286,0.6643787661406025,261375,/mnt/data/shared/npa-multilingual/downloads/xm3600/caches,/mnt/data/shared/npa-multilingual/downloads/conceptual12m/caches,Qwen/Qwen3-Embedding-8B,facebook/dinov3-vit7b16-pretrain-lvd1689m
/mnt/data/shared/npa-multilingual/outputs/dinov3-vit7b16_qwen3-embed-8b_k400_p8,dinov3-vit7b16_qwen3-embed-8b_k400_p8,ok,qwen3-embed-8b,qwen3-embed-8b,dinov3-vit7b16,dinov3-vit7b16,400,8,asif,float32,1600000,100000,"1,5,10,25,50",,,False,0,0.1501138211382114,0.3297714012434242,0.41682639885222383,0.5305748445719751,0.6215934959349594,261375,/mnt/data/shared/npa-multilingual/downloads/xm3600/caches,/mnt/data/shared/npa-multilingual/downloads/conceptual12m/caches,Qwen/Qwen3-Embedding-8B,facebook/dinov3-vit7b16-pretrain-lvd1689m
/mnt/data/shared/npa-multilingual/outputs/dinov3-vit7b16_qwen3-embed-8b_k800_p2,dinov3-vit7b16_qwen3-embed-8b_k800_p2,ok,qwen3-embed-8b,qwen3-embed-8b,dinov3-vit7b16,dinov3-vit7b16,800,2,asif,float32,1600000,100000,"1,5,10,25,50",,,False,0,0.17230798660927785,0.389635581061693,0.49868197034911527,0.6332702056432329,0.7243424198947872,261375,/mnt/data/shared/npa-multilingual/downloads/xm3600/caches,/mnt/data/shared/npa-multilingual/downloads/conceptual12m/caches,Qwen/Qwen3-Embedding-8B,facebook/dinov3-vit7b16-pretrain-lvd1689m
/mnt/data/shared/npa-multilingual/outputs/dinov3-vit7b16_qwen3-embed-8b_k800_p4,dinov3-vit7b16_qwen3-embed-8b_k800_p4,ok,qwen3-embed-8b,qwen3-embed-8b,dinov3-vit7b16,dinov3-vit7b16,800,4,asif,float32,1600000,100000,"1,5,10,25,50",,,False,0,0.16767479674796748,0.3758048780487805,0.4759406982305117,0.6011975131516021,0.6885585844093735,261375,/mnt/data/shared/npa-multilingual/downloads/xm3600/caches,/mnt/data/shared/npa-multilingual/downloads/conceptual12m/caches,Qwen/Qwen3-Embedding-8B,facebook/dinov3-vit7b16-pretrain-lvd1689m
/mnt/data/shared/npa-multilingual/outputs/dinov3-vit7b16_qwen3-embed-8b_k800_p8,dinov3-vit7b16_qwen3-embed-8b_k800_p8,ok,qwen3-embed-8b,qwen3-embed-8b,dinov3-vit7b16,dinov3-vit7b16,800,8,asif,float32,1600000,100000,"1,5,10,25,50",,,False,0,0.15260066953610713,0.3369794356767097,0.4263223338115734,0.5411611669057868,0.6315714968914395,261375,/mnt/data/shared/npa-multilingual/downloads/xm3600/caches,/mnt/data/shared/npa-multilingual/downloads/conceptual12m/caches,Qwen/Qwen3-Embedding-8B,facebook/dinov3-vit7b16-pretrain-lvd1689m
/mnt/data/shared/npa-multilingual/outputs/dinov3-vit7b16_qwen3-embed-8b_k1200_p2,dinov3-vit7b16_qwen3-embed-8b_k1200_p2,ok,qwen3-embed-8b,qwen3-embed-8b,dinov3-vit7b16,dinov3-vit7b16,1200,2,asif,float32,1600000,100000,"1,5,10,25,50",,,False,0,0.1685088474414156,0.3860851267336203,0.4960076518412243,0.6363347680535629,0.7322161645145864,261375,/mnt/data/shared/npa-multilingual/downloads/xm3600/caches,/mnt/data/shared/npa-multilingual/downloads/conceptual12m/caches,Qwen/Qwen3-Embedding-8B,facebook/dinov3-vit7b16-pretrain-lvd1689m
/mnt/data/shared/npa-multilingual/outputs/dinov3-vit7b16_qwen3-embed-8b_k1200_p4,dinov3-vit7b16_qwen3-embed-8b_k1200_p4,ok,qwen3-embed-8b,qwen3-embed-8b,dinov3-vit7b16,dinov3-vit7b16,1200,4,asif,float32,1600000,100000,"1,5,10,25,50",,,False,0,0.16348923959827832,0.3722008608321377,0.47488474414155907,0.6050043041606886,0.6952309899569584,261375,/mnt/data/shared/npa-multilingual/downloads/xm3600/caches,/mnt/data/shared/npa-multilingual/downloads/conceptual12m/caches,Qwen/Qwen3-Embedding-8B,facebook/dinov3-vit7b16-pretrain-lvd1689m
/mnt/data/shared/npa-multilingual/outputs/dinov3-vit7b16_qwen3-embed-8b_k1200_p8,dinov3-vit7b16_qwen3-embed-8b_k1200_p8,ok,qwen3-embed-8b,qwen3-embed-8b,dinov3-vit7b16,dinov3-vit7b16,1200,8,asif,float32,1600000,100000,"1,5,10,25,50",,,False,0,0.1529794356767097,0.3397761836441894,0.4285834528933525,0.5455494978479196,0.6356805356288857,261375,/mnt/data/shared/npa-multilingual/downloads/xm3600/caches,/mnt/data/shared/npa-multilingual/downloads/conceptual12m/caches,Qwen/Qwen3-Embedding-8B,facebook/dinov3-vit7b16-pretrain-lvd1689m
/mnt/data/shared/npa-multilingual/outputs/dinov3-vit7b16_qwen3-embed-8b_k1600_p2,dinov3-vit7b16_qwen3-embed-8b_k1600_p2,ok,qwen3-embed-8b,qwen3-embed-8b,dinov3-vit7b16,dinov3-vit7b16,1600,2,asif,float32,1600000,100000,"1,5,10,25,50",,,False,0,0.1646982305117169,0.3823739837398374,0.4921893830703013,0.6351334289813486,0.7338880918220947,261375,/mnt/data/shared/npa-multilingual/downloads/xm3600/caches,/mnt/data/shared/npa-multilingual/downloads/conceptual12m/caches,Qwen/Qwen3-Embedding-8B,facebook/dinov3-vit7b16-pretrain-lvd1689m
/mnt/data/shared/npa-multilingual/outputs/dinov3-vit7b16_qwen3-embed-8b_k1600_p4,dinov3-vit7b16_qwen3-embed-8b_k1600_p4,ok,qwen3-embed-8b,qwen3-embed-8b,dinov3-vit7b16,dinov3-vit7b16,1600,4,asif,float32,1600000,100000,"1,5,10,25,50",,,False,0,0.15977044476327115,0.3683519846963175,0.47142993782879006,0.6046370157819225,0.6972855093256815,261375,/mnt/data/shared/npa-multilingual/downloads/xm3600/caches,/mnt/data/shared/npa-multilingual/downloads/conceptual12m/caches,Qwen/Qwen3-Embedding-8B,facebook/dinov3-vit7b16-pretrain-lvd1689m
/mnt/data/shared/npa-multilingual/outputs/dinov3-vit7b16_qwen3-embed-8b_k1600_p8,dinov3-vit7b16_qwen3-embed-8b_k1600_p8,ok,qwen3-embed-8b,qwen3-embed-8b,dinov3-vit7b16,dinov3-vit7b16,1600,8,asif,float32,1600000,100000,"1,5,10,25,50",,,False,0,0.1524131994261119,0.34025059780009564,0.43011764705882355,0.5476805356288857,0.6380832137733142,261375,/mnt/data/shared/npa-multilingual/downloads/xm3600/caches,/mnt/data/shared/npa-multilingual/downloads/conceptual12m/caches,Qwen/Qwen3-Embedding-8B,facebook/dinov3-vit7b16-pretrain-lvd1689m
